__metricsmidlab.storm.scheduler.SchedulerMetricsConsumer,0,0
feature-generation-bolt,0,0
feature-generation-bolt,0,0
feature-generation-bolt,0,0
feature-generation-bolt,0,0
pos-tagger-bolt,0,0
pos-tagger-bolt,0,0
pos-tagger-bolt,0,0
pos-tagger-bolt,0,0
preprocessor-bolt,0,0
preprocessor-bolt,0,0
preprocessor-bolt,0,0
preprocessor-bolt,0,0
svm-bolt,0,0
svm-bolt,0,0
svm-bolt,0,0
svm-bolt,0,0
tokenizer-bolt,0,0
tokenizer-bolt,0,0
tokenizer-bolt,0,0
tokenizer-bolt,0,0
__acker,0,0
__acker,0,0
__acker,0,0
__acker,0,0
tweet-reader,0,78410081
tweet-reader,0,81383024
tweet-reader,0,71344714
tweet-reader,0,76272451
__metricsmidlab.storm.scheduler.SchedulerMetricsConsumer,0,0
feature-generation-bolt,0,0
feature-generation-bolt,0,0
feature-generation-bolt,0,0
feature-generation-bolt,0,0
pos-tagger-bolt,0,0
pos-tagger-bolt,0,0
pos-tagger-bolt,0,0
pos-tagger-bolt,0,0
preprocessor-bolt,0,0
preprocessor-bolt,0,0
preprocessor-bolt,0,0
preprocessor-bolt,0,0
svm-bolt,0,0
svm-bolt,0,0
svm-bolt,0,0
svm-bolt,0,0
tokenizer-bolt,0,0
tokenizer-bolt,0,0
tokenizer-bolt,0,0
tokenizer-bolt,0,0
__acker,0,0
__acker,0,0
__acker,0,0
__acker,0,0
tweet-reader,0,77430507
tweet-reader,0,81123689
tweet-reader,0,71339327
tweet-reader,0,76172622
__metricsmidlab.storm.scheduler.SchedulerMetricsConsumer,0,0
feature-generation-bolt,0,0
feature-generation-bolt,0,0
feature-generation-bolt,0,0
feature-generation-bolt,0,0
pos-tagger-bolt,0,0
pos-tagger-bolt,0,0
pos-tagger-bolt,0,0
pos-tagger-bolt,0,0
preprocessor-bolt,0,0
preprocessor-bolt,0,0
preprocessor-bolt,0,0
preprocessor-bolt,0,0
svm-bolt,0,0
svm-bolt,0,0
svm-bolt,0,0
svm-bolt,0,0
tokenizer-bolt,0,0
tokenizer-bolt,0,0
tokenizer-bolt,0,0
tokenizer-bolt,0,0
__acker,0,0
__acker,0,0
__acker,0,0
__acker,0,0
tweet-reader,0,77411413
tweet-reader,0,80967212
tweet-reader,0,70537712
tweet-reader,0,75915688
__metricsmidlab.storm.scheduler.SchedulerMetricsConsumer,0,0
feature-generation-bolt,0,14711326
feature-generation-bolt,0,0
feature-generation-bolt,12,16989540
feature-generation-bolt,0,0
pos-tagger-bolt,0,14233000
pos-tagger-bolt,0,0
pos-tagger-bolt,16,63777699
pos-tagger-bolt,17,29960775
preprocessor-bolt,0,0
preprocessor-bolt,12,18166436
preprocessor-bolt,12,16931434
preprocessor-bolt,11,20804563
svm-bolt,20,18872845
svm-bolt,18,17730751
svm-bolt,16,16534832
svm-bolt,24,21016959
tokenizer-bolt,20,19438808
tokenizer-bolt,16,26464293
tokenizer-bolt,24,21021834
tokenizer-bolt,24,23479084
__acker,143,31823686
__acker,143,33235275
__acker,141,38305330
__acker,129,27358233
tweet-reader,48,87544728
tweet-reader,46,90122151
tweet-reader,47,79065935
tweet-reader,47,103533142
__metricsmidlab.storm.scheduler.SchedulerMetricsConsumer,0,0
feature-generation-bolt,24,39525436
feature-generation-bolt,24,37688313
feature-generation-bolt,24,35390927
feature-generation-bolt,24,37958853
pos-tagger-bolt,24,104197500
pos-tagger-bolt,24,105336935
pos-tagger-bolt,24,127930209
pos-tagger-bolt,24,96920251
preprocessor-bolt,24,32715078
preprocessor-bolt,24,36688607
preprocessor-bolt,24,35633303
preprocessor-bolt,24,34793777
svm-bolt,24,38338980
svm-bolt,24,35908399
svm-bolt,24,34075939
svm-bolt,24,34939800
tokenizer-bolt,24,42243055
tokenizer-bolt,24,43312610
tokenizer-bolt,24,42540368
tokenizer-bolt,24,46529631
__acker,132,71434639
__acker,135,60556929
__acker,136,74152867
__acker,136,61300932
tweet-reader,46,124135078
tweet-reader,46,123688815
tweet-reader,45,112654171
tweet-reader,47,120180070
__metricsmidlab.storm.scheduler.SchedulerMetricsConsumer,0,0
feature-generation-bolt,24,36594821
feature-generation-bolt,24,36448846
feature-generation-bolt,24,36923253
feature-generation-bolt,24,36823189
pos-tagger-bolt,24,137247770
pos-tagger-bolt,24,136954353
pos-tagger-bolt,24,132760087
pos-tagger-bolt,24,133826959
preprocessor-bolt,24,27960445
preprocessor-bolt,24,28343497
preprocessor-bolt,24,27211720
preprocessor-bolt,24,28549790
svm-bolt,24,29473999
svm-bolt,24,27089721
svm-bolt,24,26539785
svm-bolt,24,26348080
tokenizer-bolt,24,33447133
tokenizer-bolt,24,33560475
tokenizer-bolt,18,30903829
tokenizer-bolt,19,32991623
__acker,107,53124881
__acker,138,56066645
__acker,121,50238183
__acker,105,48167004
tweet-reader,37,113241088
tweet-reader,45,113094620
tweet-reader,53,99806559
tweet-reader,51,107591824
__metricsmidlab.storm.scheduler.SchedulerMetricsConsumer,0,0
feature-generation-bolt,48,46937692
feature-generation-bolt,48,44745050
feature-generation-bolt,48,44279765
feature-generation-bolt,48,45895645
pos-tagger-bolt,48,183993214
pos-tagger-bolt,48,180261444
pos-tagger-bolt,48,193530869
pos-tagger-bolt,48,195298506
preprocessor-bolt,48,34991027
preprocessor-bolt,48,37587729
preprocessor-bolt,48,36375899
preprocessor-bolt,48,37110815
svm-bolt,48,38463138
svm-bolt,48,35579656
svm-bolt,48,34115309
svm-bolt,48,37519618
tokenizer-bolt,48,47322915
tokenizer-bolt,48,53123641
tokenizer-bolt,48,49797712
tokenizer-bolt,48,51629090
__acker,286,85645729
__acker,282,76468698
__acker,284,82966357
__acker,273,74520267
tweet-reader,96,134762047
tweet-reader,97,132484888
tweet-reader,96,117930745
tweet-reader,95,124614678
__metricsmidlab.storm.scheduler.SchedulerMetricsConsumer,0,0
feature-generation-bolt,48,78629597
feature-generation-bolt,48,72843689
feature-generation-bolt,47,67634629
feature-generation-bolt,48,67226424
pos-tagger-bolt,48,314671637
pos-tagger-bolt,48,298932663
pos-tagger-bolt,48,264079280
pos-tagger-bolt,48,265662324
preprocessor-bolt,48,57219713
preprocessor-bolt,47,57529116
preprocessor-bolt,48,48756684
preprocessor-bolt,48,49787464
svm-bolt,48,53417664
svm-bolt,48,49196339
svm-bolt,47,43277172
svm-bolt,48,43651831
tokenizer-bolt,48,71891012
tokenizer-bolt,48,72097699
tokenizer-bolt,48,61359021
tokenizer-bolt,48,61441011
__acker,282,99387889
__acker,274,123477708
__acker,297,119543614
__acker,300,92697361
tweet-reader,94,166134361
tweet-reader,97,160119450
tweet-reader,93,122617391
tweet-reader,94,128481902
__metricsmidlab.storm.scheduler.SchedulerMetricsConsumer,0,0
feature-generation-bolt,56,93765135
feature-generation-bolt,48,81576061
feature-generation-bolt,72,70018618
feature-generation-bolt,48,67164837
pos-tagger-bolt,56,373725915
pos-tagger-bolt,52,344600578
pos-tagger-bolt,72,275844640
pos-tagger-bolt,72,288946340
preprocessor-bolt,52,68629768
preprocessor-bolt,72,67393275
preprocessor-bolt,72,55433803
preprocessor-bolt,72,55972861
svm-bolt,72,62446500
svm-bolt,72,58767377
svm-bolt,72,45775055
svm-bolt,72,50267837
tokenizer-bolt,72,86287672
tokenizer-bolt,72,93279446
tokenizer-bolt,72,67977841
tokenizer-bolt,72,71460699
__acker,411,111432724
__acker,451,158307073
__acker,420,147400586
__acker,419,112646533
tweet-reader,142,185190614
tweet-reader,144,177585916
tweet-reader,143,133237812
tweet-reader,148,141897995
__metricsmidlab.storm.scheduler.SchedulerMetricsConsumer,0,0
feature-generation-bolt,72,129162004
feature-generation-bolt,69,112227896
feature-generation-bolt,72,91423306
feature-generation-bolt,72,87252436
pos-tagger-bolt,72,523094811
pos-tagger-bolt,69,464945723
pos-tagger-bolt,72,364194478
pos-tagger-bolt,72,368168730
preprocessor-bolt,72,98185990
preprocessor-bolt,72,88401063
preprocessor-bolt,72,70167005
preprocessor-bolt,72,74428467
svm-bolt,72,87012401
svm-bolt,72,75180635
svm-bolt,72,57818425
svm-bolt,72,61705052
tokenizer-bolt,72,118317908
tokenizer-bolt,72,121668158
tokenizer-bolt,72,89870468
tokenizer-bolt,72,90156367
__acker,422,142891331
__acker,433,198205204
__acker,444,199445634
__acker,439,136979223
tweet-reader,143,215522497
tweet-reader,143,199555480
tweet-reader,144,144445208
tweet-reader,145,150409905
__metricsmidlab.storm.scheduler.SchedulerMetricsConsumer,0,0
feature-generation-bolt,72,147389266
feature-generation-bolt,72,128937798
feature-generation-bolt,72,97272141
feature-generation-bolt,72,97721324
pos-tagger-bolt,72,609074893
pos-tagger-bolt,72,531761431
pos-tagger-bolt,72,392449874
pos-tagger-bolt,72,397730807
preprocessor-bolt,72,103657833
preprocessor-bolt,72,95820711
preprocessor-bolt,72,69445025
preprocessor-bolt,72,73133480
svm-bolt,72,96123950
svm-bolt,60,77965087
svm-bolt,68,58060886
svm-bolt,68,59802208
tokenizer-bolt,52,120023269
tokenizer-bolt,60,116644975
tokenizer-bolt,76,86122027
tokenizer-bolt,76,88166427
__acker,487,143469897
__acker,324,200045564
__acker,509,197944724
__acker,451,136488242
tweet-reader,155,214203295
tweet-reader,168,196153968
tweet-reader,167,141665879
tweet-reader,166,146758513
__metricsmidlab.storm.scheduler.SchedulerMetricsConsumer,0,0
feature-generation-bolt,96,154032909
feature-generation-bolt,96,139627782
feature-generation-bolt,94,103678028
feature-generation-bolt,88,104722676
pos-tagger-bolt,96,691417802
pos-tagger-bolt,92,617238645
pos-tagger-bolt,88,424416138
pos-tagger-bolt,90,439875427
preprocessor-bolt,92,111273147
preprocessor-bolt,96,106041200
preprocessor-bolt,92,77630704
preprocessor-bolt,88,79027604
svm-bolt,92,102289452
svm-bolt,96,89846728
svm-bolt,96,67950526
svm-bolt,96,69583900
tokenizer-bolt,96,135770577
tokenizer-bolt,96,135778539
tokenizer-bolt,96,100367680
tokenizer-bolt,96,103969136
__acker,576,167737316
__acker,562,219538592
__acker,593,210886635
__acker,579,160800355
tweet-reader,192,209376521
tweet-reader,190,193200168
tweet-reader,191,154975749
tweet-reader,193,158169935
__metricsmidlab.storm.scheduler.SchedulerMetricsConsumer,0,0
feature-generation-bolt,96,160846680
feature-generation-bolt,96,150529790
feature-generation-bolt,96,120863592
feature-generation-bolt,96,121546087
pos-tagger-bolt,96,725564296
pos-tagger-bolt,96,655573334
pos-tagger-bolt,96,517623649
pos-tagger-bolt,96,522451564
preprocessor-bolt,96,108331759
preprocessor-bolt,96,101386940
preprocessor-bolt,96,89304931
preprocessor-bolt,96,88798342
svm-bolt,96,96230858
svm-bolt,96,83531739
svm-bolt,96,76407175
svm-bolt,96,77483160
tokenizer-bolt,96,125100029
tokenizer-bolt,96,129222653
tokenizer-bolt,96,109938429
tokenizer-bolt,96,116671849
__acker,565,178365552
__acker,604,199765387
__acker,591,202708278
__acker,570,171165202
tweet-reader,193,186755362
tweet-reader,192,183632359
tweet-reader,189,161898715
tweet-reader,189,160563463
__metricsmidlab.storm.scheduler.SchedulerMetricsConsumer,0,0
feature-generation-bolt,84,149352424
feature-generation-bolt,122,147859853
feature-generation-bolt,122,121134059
feature-generation-bolt,120,122214844
pos-tagger-bolt,122,747094468
pos-tagger-bolt,124,688074477
pos-tagger-bolt,120,521777088
pos-tagger-bolt,120,528843418
preprocessor-bolt,121,115806316
preprocessor-bolt,122,113862766
preprocessor-bolt,122,90675058
preprocessor-bolt,120,93345998
svm-bolt,121,98469751
svm-bolt,124,94923479
svm-bolt,120,78358506
svm-bolt,120,78475145
tokenizer-bolt,120,150940110
tokenizer-bolt,124,150067701
tokenizer-bolt,121,117175501
tokenizer-bolt,122,117937712
__acker,715,194136789
__acker,713,243756301
__acker,720,235578526
__acker,709,183838401
tweet-reader,235,227091830
tweet-reader,239,215063049
tweet-reader,234,165232407
tweet-reader,234,170716577
__metricsmidlab.storm.scheduler.SchedulerMetricsConsumer,0,0
feature-generation-bolt,121,195437856
feature-generation-bolt,120,174492090
feature-generation-bolt,120,140990474
feature-generation-bolt,121,142637209
pos-tagger-bolt,122,871779462
pos-tagger-bolt,120,804129476
pos-tagger-bolt,122,605867247
pos-tagger-bolt,120,625401141
preprocessor-bolt,120,133146100
preprocessor-bolt,120,134710889
preprocessor-bolt,122,107923994
preprocessor-bolt,121,108517083
svm-bolt,120,113984410
svm-bolt,121,106464967
svm-bolt,120,89872540
svm-bolt,120,92520250
tokenizer-bolt,122,174486321
tokenizer-bolt,121,171950127
tokenizer-bolt,123,135745056
tokenizer-bolt,121,140725057
__acker,720,222005044
__acker,747,275507250
__acker,778,260959972
__acker,694,207665276
tweet-reader,245,230725725
tweet-reader,246,215299122
tweet-reader,243,178962440
tweet-reader,244,188852744
__metricsmidlab.storm.scheduler.SchedulerMetricsConsumer,0,0
feature-generation-bolt,122,188717620
feature-generation-bolt,120,172911297
feature-generation-bolt,120,151715034
feature-generation-bolt,122,151051929
pos-tagger-bolt,96,847136588
pos-tagger-bolt,120,794303630
pos-tagger-bolt,121,654784880
pos-tagger-bolt,120,667986536
preprocessor-bolt,112,130504711
preprocessor-bolt,100,125540786
preprocessor-bolt,100,104227111
preprocessor-bolt,95,106999070
svm-bolt,112,110971463
svm-bolt,104,101291031
svm-bolt,104,86249857
svm-bolt,104,89735341
tokenizer-bolt,116,159530826
tokenizer-bolt,100,161438250
tokenizer-bolt,144,134850966
tokenizer-bolt,143,140299240
__acker,882,221594832
__acker,736,260060111
__acker,879,252870221
__acker,885,210745275
tweet-reader,292,221398298
tweet-reader,290,211635864
tweet-reader,294,176815908
tweet-reader,287,192486244
__metricsmidlab.storm.scheduler.SchedulerMetricsConsumer,0,0
feature-generation-bolt,148,191739851
feature-generation-bolt,148,175896543
feature-generation-bolt,148,161504524
feature-generation-bolt,148,163008894
pos-tagger-bolt,148,868793560
pos-tagger-bolt,144,836646386
pos-tagger-bolt,148,718651987
pos-tagger-bolt,148,725415104
preprocessor-bolt,144,130886008
preprocessor-bolt,147,134721517
preprocessor-bolt,147,119391890
preprocessor-bolt,148,122505963
svm-bolt,148,122748422
svm-bolt,147,112786062
svm-bolt,144,95419162
svm-bolt,148,102362690
tokenizer-bolt,148,179026682
tokenizer-bolt,148,179120737
tokenizer-bolt,148,151931887
tokenizer-bolt,145,160524510
__acker,837,245980258
__acker,857,285887499
__acker,875,267407282
__acker,895,241471139
tweet-reader,286,236333634
tweet-reader,292,220090990
tweet-reader,293,190094656
tweet-reader,292,212283452
__metricsmidlab.storm.scheduler.SchedulerMetricsConsumer,0,0
feature-generation-bolt,148,244820644
feature-generation-bolt,145,223827240
feature-generation-bolt,144,182286242
feature-generation-bolt,148,181709570
pos-tagger-bolt,148,1150937274
pos-tagger-bolt,148,1064469212
pos-tagger-bolt,148,790304891
pos-tagger-bolt,148,810411169
preprocessor-bolt,144,161907909
preprocessor-bolt,144,157425460
preprocessor-bolt,145,125424176
preprocessor-bolt,148,130635009
svm-bolt,148,137588885
svm-bolt,148,124245694
svm-bolt,144,102458377
svm-bolt,124,102609435
tokenizer-bolt,148,199509333
tokenizer-bolt,112,192390320
tokenizer-bolt,140,159159363
tokenizer-bolt,124,159785586
__acker,774,249375568
__acker,661,295274389
__acker,646,290057841
__acker,791,249408003
tweet-reader,251,246820871
tweet-reader,252,235082632
tweet-reader,269,190494921
tweet-reader,281,206470588
__metricsmidlab.storm.scheduler.SchedulerMetricsConsumer,0,0
feature-generation-bolt,172,218008249
feature-generation-bolt,172,210734257
feature-generation-bolt,172,186347252
feature-generation-bolt,172,184552152
pos-tagger-bolt,172,1035355261
pos-tagger-bolt,172,952838991
pos-tagger-bolt,172,819901144
pos-tagger-bolt,172,856561541
preprocessor-bolt,172,142432512
preprocessor-bolt,168,134963922
preprocessor-bolt,172,132372730
preprocessor-bolt,172,137449409
svm-bolt,172,120488768
svm-bolt,172,119475473
svm-bolt,172,105137065
svm-bolt,172,109656775
tokenizer-bolt,172,173925867
tokenizer-bolt,170,178503648
tokenizer-bolt,172,168952500
tokenizer-bolt,172,179177107
__acker,1020,276331455
__acker,1014,268235482
__acker,1027,266925409
__acker,1044,268611467
tweet-reader,344,221938029
tweet-reader,343,220426297
tweet-reader,341,202759667
tweet-reader,344,221231499
__metricsmidlab.storm.scheduler.SchedulerMetricsConsumer,0,0
feature-generation-bolt,172,210843814
feature-generation-bolt,172,199295766
feature-generation-bolt,172,205256070
feature-generation-bolt,172,210924552
pos-tagger-bolt,172,975775240
pos-tagger-bolt,172,981751974
pos-tagger-bolt,172,945413245
pos-tagger-bolt,172,966478320
preprocessor-bolt,172,142517329
preprocessor-bolt,172,141870371
preprocessor-bolt,172,146179013
preprocessor-bolt,172,148107281
svm-bolt,168,120910160
svm-bolt,170,115706602
svm-bolt,172,114719736
svm-bolt,172,119947507
tokenizer-bolt,172,179439582
tokenizer-bolt,168,187881708
tokenizer-bolt,168,184417815
tokenizer-bolt,172,187844171
__acker,1011,291237160
__acker,998,272054648
__acker,1012,279020511
__acker,1026,284976208
tweet-reader,343,225370269
tweet-reader,328,220196990
tweet-reader,318,214463702
tweet-reader,310,228521909
__metricsmidlab.storm.scheduler.SchedulerMetricsConsumer,0,0
feature-generation-bolt,196,199548595
feature-generation-bolt,196,198626274
feature-generation-bolt,196,209605222
feature-generation-bolt,196,206997998
pos-tagger-bolt,196,951869521
pos-tagger-bolt,200,964380470
pos-tagger-bolt,196,927296055
pos-tagger-bolt,192,966872049
preprocessor-bolt,196,142356474
preprocessor-bolt,196,144888429
preprocessor-bolt,196,150342823
preprocessor-bolt,196,150266685
svm-bolt,196,122543813
svm-bolt,192,117368008
svm-bolt,196,120841776
svm-bolt,196,124798306
tokenizer-bolt,196,182706826
tokenizer-bolt,196,189740683
tokenizer-bolt,196,187009578
tokenizer-bolt,196,194686126
__acker,1203,302305837
__acker,1161,286769955
__acker,1225,289093250
__acker,1190,295406444
tweet-reader,399,233042112
tweet-reader,399,221881339
tweet-reader,390,228969670
tweet-reader,392,238803746
__metricsmidlab.storm.scheduler.SchedulerMetricsConsumer,0,0
feature-generation-bolt,196,219162902
feature-generation-bolt,196,216737978
feature-generation-bolt,192,237090379
feature-generation-bolt,194,234214777
pos-tagger-bolt,196,1053199165
pos-tagger-bolt,196,1122406652
pos-tagger-bolt,196,1081253992
pos-tagger-bolt,195,1082067491
preprocessor-bolt,196,161993737
preprocessor-bolt,196,162847533
preprocessor-bolt,196,165021278
preprocessor-bolt,196,164216231
svm-bolt,196,140352447
svm-bolt,196,132454720
svm-bolt,196,133084582
svm-bolt,196,137604756
tokenizer-bolt,196,206350274
tokenizer-bolt,196,214792296
tokenizer-bolt,196,209170588
tokenizer-bolt,196,215710239
__acker,1160,326299922
__acker,1145,311812392
__acker,1180,320517339
__acker,1183,317036683
tweet-reader,388,247618904
tweet-reader,390,239173870
tweet-reader,392,240919450
tweet-reader,390,250207605
__metricsmidlab.storm.scheduler.SchedulerMetricsConsumer,0,0
feature-generation-bolt,160,224109522
feature-generation-bolt,174,218842952
feature-generation-bolt,156,228043014
feature-generation-bolt,160,227538218
pos-tagger-bolt,220,1083771954
pos-tagger-bolt,184,1084331192
pos-tagger-bolt,220,1052074169
pos-tagger-bolt,220,1092459460
preprocessor-bolt,199,156895022
preprocessor-bolt,224,158698408
preprocessor-bolt,224,162510621
preprocessor-bolt,220,166682537
svm-bolt,220,138909178
svm-bolt,220,131979385
svm-bolt,216,130424551
svm-bolt,220,138596448
tokenizer-bolt,224,200689606
tokenizer-bolt,220,212193650
tokenizer-bolt,220,210995554
tokenizer-bolt,224,215705202
__acker,1317,329416075
__acker,1335,317269237
__acker,1335,316233365
__acker,1354,333117963
tweet-reader,442,247457670
tweet-reader,440,237839997
tweet-reader,439,240472752
tweet-reader,440,253389175
__metricsmidlab.storm.scheduler.SchedulerMetricsConsumer,0,0
feature-generation-bolt,220,241988729
feature-generation-bolt,220,236223289
feature-generation-bolt,220,252973919
feature-generation-bolt,220,252368324
pos-tagger-bolt,220,1259237056
pos-tagger-bolt,220,1215530834
pos-tagger-bolt,220,1135050229
pos-tagger-bolt,220,1167614365
preprocessor-bolt,216,176991469
preprocessor-bolt,216,181709880
preprocessor-bolt,216,181500337
preprocessor-bolt,220,187381877
svm-bolt,216,155322896
svm-bolt,220,147787539
svm-bolt,216,146951167
svm-bolt,220,153129788
tokenizer-bolt,220,231784418
tokenizer-bolt,216,239888240
tokenizer-bolt,220,237784822
tokenizer-bolt,220,239581539
__acker,1298,359245633
__acker,1345,350600421
__acker,1341,349347779
__acker,1336,364830678
tweet-reader,446,265806829
tweet-reader,443,257178552
tweet-reader,444,252396890
tweet-reader,439,266410212
__metricsmidlab.storm.scheduler.SchedulerMetricsConsumer,0,0
feature-generation-bolt,217,263912375
feature-generation-bolt,218,258530028
feature-generation-bolt,175,257505277
feature-generation-bolt,220,265274531
pos-tagger-bolt,216,1288841130
pos-tagger-bolt,220,1267237679
pos-tagger-bolt,156,1161614914
pos-tagger-bolt,160,1183552007
preprocessor-bolt,216,185394096
preprocessor-bolt,196,182022744
preprocessor-bolt,204,180638183
preprocessor-bolt,198,179306288
svm-bolt,164,153455894
svm-bolt,160,143092267
svm-bolt,160,142990753
svm-bolt,160,146848732
tokenizer-bolt,164,224697731
tokenizer-bolt,156,229617237
tokenizer-bolt,219,228481733
tokenizer-bolt,244,228204493
__acker,1463,351034241
__acker,981,344902127
__acker,1403,347937775
__acker,1362,357091984
tweet-reader,479,265327266
tweet-reader,478,256158615
tweet-reader,476,247682820
tweet-reader,483,259289598
__metricsmidlab.storm.scheduler.SchedulerMetricsConsumer,0,0
feature-generation-bolt,241,265394414
feature-generation-bolt,240,255890560
feature-generation-bolt,240,263419948
feature-generation-bolt,243,267024648
pos-tagger-bolt,244,1299489110
pos-tagger-bolt,245,1294376574
pos-tagger-bolt,244,1226745025
pos-tagger-bolt,246,1257579587
preprocessor-bolt,244,189377745
preprocessor-bolt,244,186274732
preprocessor-bolt,244,187276992
preprocessor-bolt,244,188876355
svm-bolt,244,160968240
svm-bolt,247,155736336
svm-bolt,244,153205008
svm-bolt,244,158049524
tokenizer-bolt,244,235559159
tokenizer-bolt,244,247098591
tokenizer-bolt,244,239524931
tokenizer-bolt,244,246694952
__acker,1487,377079387
__acker,1481,362325815
__acker,1467,369659684
__acker,1473,378242864
tweet-reader,490,264566672
tweet-reader,487,262655700
tweet-reader,492,259202115
tweet-reader,489,273990092
__metricsmidlab.storm.scheduler.SchedulerMetricsConsumer,0,0
feature-generation-bolt,244,292861965
feature-generation-bolt,244,277173524
feature-generation-bolt,244,288210861
feature-generation-bolt,248,296395368
pos-tagger-bolt,244,1409961445
pos-tagger-bolt,244,1403286527
pos-tagger-bolt,236,1354776269
pos-tagger-bolt,236,1421337716
preprocessor-bolt,244,197153337
preprocessor-bolt,244,201928077
preprocessor-bolt,244,199169800
preprocessor-bolt,244,206605830
svm-bolt,243,171121054
svm-bolt,236,166762396
svm-bolt,244,163174315
svm-bolt,244,172447528
tokenizer-bolt,244,254668378
tokenizer-bolt,244,261868129
tokenizer-bolt,244,256433839
tokenizer-bolt,244,270621432
__acker,1429,409053396
__acker,1572,387067129
__acker,1447,388163126
__acker,1465,390044649
tweet-reader,491,278178441
tweet-reader,493,273149757
tweet-reader,489,262251752
tweet-reader,490,286646147
__metricsmidlab.storm.scheduler.SchedulerMetricsConsumer,0,0
feature-generation-bolt,199,278536183
feature-generation-bolt,188,268699597
feature-generation-bolt,272,282541461
feature-generation-bolt,189,285268034
pos-tagger-bolt,200,1359016394
pos-tagger-bolt,271,1354418819
pos-tagger-bolt,272,1300420826
pos-tagger-bolt,276,1381938253
preprocessor-bolt,272,195088179
preprocessor-bolt,272,197614549
preprocessor-bolt,268,196130208
preprocessor-bolt,268,203801061
svm-bolt,272,167006293
svm-bolt,272,162677568
svm-bolt,269,161877834
svm-bolt,268,171595770
tokenizer-bolt,272,246125584
tokenizer-bolt,268,256283575
tokenizer-bolt,268,250465757
tokenizer-bolt,272,267272049
__acker,1597,399358900
__acker,1634,391825145
__acker,1623,383285355
__acker,1609,397509827
tweet-reader,544,279307289
tweet-reader,535,270284622
tweet-reader,545,264192556
tweet-reader,547,287162572
__metricsmidlab.storm.scheduler.SchedulerMetricsConsumer,0,0
feature-generation-bolt,271,296431347
feature-generation-bolt,272,286978799
feature-generation-bolt,272,299623313
feature-generation-bolt,271,301308181
pos-tagger-bolt,268,1454006066
pos-tagger-bolt,268,1419668838
pos-tagger-bolt,268,1425908168
pos-tagger-bolt,268,1443161203
preprocessor-bolt,272,205461054
preprocessor-bolt,272,205321086
preprocessor-bolt,268,205556021
preprocessor-bolt,272,225603128
svm-bolt,272,182651089
svm-bolt,268,174188379
svm-bolt,272,170142964
svm-bolt,268,179113734
tokenizer-bolt,272,266908968
tokenizer-bolt,271,288771729
tokenizer-bolt,270,281287780
tokenizer-bolt,272,297487272
__acker,1614,439385990
__acker,1575,422439686
__acker,1677,428363078
__acker,1620,426933299
tweet-reader,539,302058229
tweet-reader,540,291509048
tweet-reader,542,280611884
tweet-reader,545,297421084
__metricsmidlab.storm.scheduler.SchedulerMetricsConsumer,0,0
feature-generation-bolt,269,311574000
feature-generation-bolt,272,307175545
feature-generation-bolt,272,317692414
feature-generation-bolt,270,320587819
pos-tagger-bolt,268,1493273508
pos-tagger-bolt,268,1524686885
pos-tagger-bolt,264,1446224685
pos-tagger-bolt,268,1511434179
preprocessor-bolt,272,220809649
preprocessor-bolt,272,217035420
preprocessor-bolt,268,217796595
preprocessor-bolt,268,221600888
svm-bolt,212,185932486
svm-bolt,252,181074594
svm-bolt,268,179983545
svm-bolt,268,186279922
tokenizer-bolt,212,268155239
tokenizer-bolt,264,280220762
tokenizer-bolt,220,267067031
tokenizer-bolt,216,283435629
__acker,1300,427146103
__acker,1308,412074918
__acker,1420,405530470
__acker,1321,406110473
tweet-reader,478,295765330
tweet-reader,478,281169668
tweet-reader,481,275969135
tweet-reader,499,287856980
__metricsmidlab.storm.scheduler.SchedulerMetricsConsumer,0,0
feature-generation-bolt,295,308618961
feature-generation-bolt,290,305977454
feature-generation-bolt,289,318986329
feature-generation-bolt,293,313285458
pos-tagger-bolt,292,1507927368
pos-tagger-bolt,292,1543757390
pos-tagger-bolt,296,1443803694
pos-tagger-bolt,292,1466754433
preprocessor-bolt,288,221740079
preprocessor-bolt,296,221649990
preprocessor-bolt,296,222566943
preprocessor-bolt,296,223212171
svm-bolt,292,193515102
svm-bolt,296,183257597
svm-bolt,296,183092754
svm-bolt,296,189678950
tokenizer-bolt,296,288499168
tokenizer-bolt,296,289706174
tokenizer-bolt,296,284567469
tokenizer-bolt,296,301461497
__acker,1749,448749451
__acker,1777,437651462
__acker,1783,417878729
__acker,1778,436819493
tweet-reader,589,303926095
tweet-reader,590,292872349
tweet-reader,591,287804878
tweet-reader,589,299465120
__metricsmidlab.storm.scheduler.SchedulerMetricsConsumer,0,0
feature-generation-bolt,296,345690058
feature-generation-bolt,294,327699953
feature-generation-bolt,292,348861138
feature-generation-bolt,296,349486911
pos-tagger-bolt,296,1642189561
pos-tagger-bolt,296,1625331749
pos-tagger-bolt,292,1607983076
pos-tagger-bolt,296,1606249333
preprocessor-bolt,292,239339688
preprocessor-bolt,295,238898981
preprocessor-bolt,296,233909343
preprocessor-bolt,296,242637642
svm-bolt,296,209738193
svm-bolt,296,196523522
svm-bolt,296,195364931
svm-bolt,296,198931608
tokenizer-bolt,294,307995070
tokenizer-bolt,296,317673263
tokenizer-bolt,296,307908991
tokenizer-bolt,296,313066188
__acker,1806,464802412
__acker,1734,459725049
__acker,1804,455348556
__acker,1805,467167361
tweet-reader,591,320814716
tweet-reader,593,307573273
tweet-reader,587,293394230
tweet-reader,591,304296958
__metricsmidlab.storm.scheduler.SchedulerMetricsConsumer,0,0
feature-generation-bolt,228,332465320
feature-generation-bolt,219,314659698
feature-generation-bolt,320,331330637
feature-generation-bolt,220,332407291
pos-tagger-bolt,224,1599354367
pos-tagger-bolt,228,1590421430
pos-tagger-bolt,324,1549018299
pos-tagger-bolt,328,1578154392
preprocessor-bolt,320,230268357
preprocessor-bolt,288,226974153
preprocessor-bolt,324,233759091
preprocessor-bolt,324,237646412
svm-bolt,320,204025155
svm-bolt,320,196089294
svm-bolt,323,190280648
svm-bolt,324,196839705
tokenizer-bolt,320,291878251
tokenizer-bolt,320,309439965
tokenizer-bolt,320,301784962
tokenizer-bolt,320,311557064
__acker,1910,459865462
__acker,1953,449046025
__acker,1882,448360901
__acker,1908,462481764
tweet-reader,640,315357642
tweet-reader,639,302875677
tweet-reader,637,292458146
tweet-reader,643,307656405
__metricsmidlab.storm.scheduler.SchedulerMetricsConsumer,0,0
feature-generation-bolt,318,351592913
feature-generation-bolt,320,333034011
feature-generation-bolt,320,350319252
feature-generation-bolt,319,351541297
pos-tagger-bolt,316,1650672095
pos-tagger-bolt,320,1686019111
pos-tagger-bolt,316,1613580347
pos-tagger-bolt,316,1664542899
preprocessor-bolt,320,240684476
preprocessor-bolt,320,238150192
preprocessor-bolt,320,243477060
preprocessor-bolt,320,246052334
svm-bolt,320,211218785
svm-bolt,316,205632597
svm-bolt,316,196978005
svm-bolt,316,209209544
tokenizer-bolt,320,312661157
tokenizer-bolt,320,324284345
tokenizer-bolt,321,331644914
tokenizer-bolt,316,344728317
__acker,1866,502217797
__acker,1931,468358566
__acker,1897,482791149
__acker,1932,500861332
tweet-reader,636,340334143
tweet-reader,638,326179580
tweet-reader,640,316803060
tweet-reader,637,326366191
__metricsmidlab.storm.scheduler.SchedulerMetricsConsumer,0,0
feature-generation-bolt,319,375529780
feature-generation-bolt,320,363514054
feature-generation-bolt,320,376027003
feature-generation-bolt,319,373377399
pos-tagger-bolt,319,1740369964
pos-tagger-bolt,318,1796686219
pos-tagger-bolt,319,1713899916
pos-tagger-bolt,319,1748982556
preprocessor-bolt,320,258866582
preprocessor-bolt,320,255800633
preprocessor-bolt,319,256365446
preprocessor-bolt,317,258486712
svm-bolt,320,227282846
svm-bolt,317,212810858
svm-bolt,316,207755112
svm-bolt,316,216019903
tokenizer-bolt,320,329953875
tokenizer-bolt,320,333022942
tokenizer-bolt,240,315519319
tokenizer-bolt,320,341440001
__acker,1489,483225899
__acker,1861,491150797
__acker,1552,477652803
__acker,1513,484751480
tweet-reader,505,331559878
tweet-reader,506,320856162
tweet-reader,495,306567942
tweet-reader,495,318365305
__metricsmidlab.storm.scheduler.SchedulerMetricsConsumer,0,0
feature-generation-bolt,344,357759379
feature-generation-bolt,340,355815219
feature-generation-bolt,341,369028490
feature-generation-bolt,344,367376503
pos-tagger-bolt,344,1735373268
pos-tagger-bolt,344,1761853683
pos-tagger-bolt,344,1653852739
pos-tagger-bolt,344,1718590681
preprocessor-bolt,344,256297595
preprocessor-bolt,344,256153067
preprocessor-bolt,344,256168566
preprocessor-bolt,344,258128398
svm-bolt,344,222449368
svm-bolt,344,209333392
svm-bolt,344,209205944
svm-bolt,344,214748938
tokenizer-bolt,344,330368504
tokenizer-bolt,344,333985057
tokenizer-bolt,340,327073647
tokenizer-bolt,344,341569369
__acker,2027,500543466
__acker,1980,484716822
__acker,2043,489837619
__acker,1983,492128559
tweet-reader,678,334514873
tweet-reader,672,319445814
tweet-reader,673,312668502
tweet-reader,674,323826707
__metricsmidlab.storm.scheduler.SchedulerMetricsConsumer,0,0
feature-generation-bolt,342,385206918
feature-generation-bolt,341,392750427
feature-generation-bolt,342,404336076
feature-generation-bolt,344,397085516
pos-tagger-bolt,344,1931702992
pos-tagger-bolt,344,1892737438
pos-tagger-bolt,344,1800858884
pos-tagger-bolt,344,1836491422
preprocessor-bolt,344,280478356
preprocessor-bolt,336,276872406
preprocessor-bolt,336,271356467
preprocessor-bolt,344,273912942
svm-bolt,344,230389834
svm-bolt,344,227838088
svm-bolt,344,222422063
svm-bolt,344,230909050
tokenizer-bolt,337,360004293
tokenizer-bolt,340,369126042
tokenizer-bolt,344,351198860
tokenizer-bolt,344,363464586
__acker,2018,525635124
__acker,2016,507773893
__acker,2018,502954374
__acker,2023,514145165
tweet-reader,686,347911372
tweet-reader,687,336637246
tweet-reader,686,320744730
tweet-reader,685,330748350
__metricsmidlab.storm.scheduler.SchedulerMetricsConsumer,0,0
feature-generation-bolt,256,381529891
feature-generation-bolt,353,373665219
feature-generation-bolt,279,383380929
feature-generation-bolt,336,391465518
pos-tagger-bolt,372,1879025666
pos-tagger-bolt,371,1857783794
pos-tagger-bolt,332,1768976321
pos-tagger-bolt,340,1796336863
preprocessor-bolt,376,266894069
preprocessor-bolt,373,268573366
preprocessor-bolt,372,267644420
preprocessor-bolt,368,269061739
svm-bolt,248,229821226
svm-bolt,276,220120516
svm-bolt,312,219014648
svm-bolt,308,224317384
tokenizer-bolt,372,344465622
tokenizer-bolt,368,354517828
tokenizer-bolt,368,346920549
tokenizer-bolt,368,357160149
__acker,2114,520769896
__acker,2130,497442829
__acker,2109,493985748
__acker,2161,515089895
tweet-reader,740,342266541
tweet-reader,738,330675075
tweet-reader,740,320662981
tweet-reader,739,331126233
__metricsmidlab.storm.scheduler.SchedulerMetricsConsumer,0,0
feature-generation-bolt,369,398034803
feature-generation-bolt,366,387239200
feature-generation-bolt,367,403023299
feature-generation-bolt,368,403357062
pos-tagger-bolt,368,1927469590
pos-tagger-bolt,368,1906319016
pos-tagger-bolt,368,1820069827
pos-tagger-bolt,368,1874841641
preprocessor-bolt,368,277489434
preprocessor-bolt,368,281874284
preprocessor-bolt,368,285030148
preprocessor-bolt,368,283848152
svm-bolt,368,233460788
svm-bolt,369,226691545
svm-bolt,368,225896246
svm-bolt,368,233243093
tokenizer-bolt,368,383663665
tokenizer-bolt,368,390048831
tokenizer-bolt,368,362876868
tokenizer-bolt,368,389292118
__acker,2106,540815415
__acker,2117,527642248
__acker,2181,527564819
__acker,2099,540282803
tweet-reader,737,353639320
tweet-reader,732,342012109
tweet-reader,735,331790260
tweet-reader,738,344444276
__metricsmidlab.storm.scheduler.SchedulerMetricsConsumer,0,0
feature-generation-bolt,281,414165869
feature-generation-bolt,293,393121800
feature-generation-bolt,372,424950175
feature-generation-bolt,385,422943514
pos-tagger-bolt,368,2075350123
pos-tagger-bolt,317,1978507800
pos-tagger-bolt,394,1935408242
pos-tagger-bolt,397,1970242829
preprocessor-bolt,268,284976586
preprocessor-bolt,254,281977358
preprocessor-bolt,268,282833937
preprocessor-bolt,272,290871570
svm-bolt,368,252378146
svm-bolt,368,243433310
svm-bolt,294,232915025
svm-bolt,368,244866802
tokenizer-bolt,272,369982412
tokenizer-bolt,252,373239599
tokenizer-bolt,249,362395416
tokenizer-bolt,264,367647090
__acker,1783,534957641
__acker,2288,502660351
__acker,1721,510662169
__acker,1972,519434341
tweet-reader,619,344553382
tweet-reader,717,341025368
tweet-reader,719,328238996
tweet-reader,756,339540229
__metricsmidlab.storm.scheduler.SchedulerMetricsConsumer,0,0
feature-generation-bolt,360,380661404
feature-generation-bolt,373,372107809
feature-generation-bolt,391,398535031
feature-generation-bolt,286,381284657
pos-tagger-bolt,378,1980352146
pos-tagger-bolt,320,1914786929
pos-tagger-bolt,417,1882371245
pos-tagger-bolt,369,1934516022
preprocessor-bolt,375,283035418
preprocessor-bolt,413,279524181
preprocessor-bolt,326,284479126
preprocessor-bolt,329,287225533
svm-bolt,410,244552340
svm-bolt,335,242191968
svm-bolt,216,210022127
svm-bolt,218,222722119
tokenizer-bolt,391,377049578
tokenizer-bolt,119,346413467
tokenizer-bolt,393,378283999
tokenizer-bolt,449,382202336
__acker,2183,515745676
__acker,1944,488893029
__acker,313,438440668
__acker,2216,512242984
tweet-reader,610,372785675
tweet-reader,801,352692759
tweet-reader,594,342765028
tweet-reader,810,372458909
__metricsmidlab.storm.scheduler.SchedulerMetricsConsumer,0,0
feature-generation-bolt,347,392126005
feature-generation-bolt,325,427031275
feature-generation-bolt,286,409748812
feature-generation-bolt,89,351004291
pos-tagger-bolt,347,1922850311
pos-tagger-bolt,260,2255092593
pos-tagger-bolt,328,1945469451
pos-tagger-bolt,527,2105010616
preprocessor-bolt,385,303199117
preprocessor-bolt,261,298956418
preprocessor-bolt,420,306813152
preprocessor-bolt,463,299810818
svm-bolt,315,233008253
svm-bolt,331,220339923
svm-bolt,368,207952158
svm-bolt,318,231866662
tokenizer-bolt,112,374986894
tokenizer-bolt,863,416200557
tokenizer-bolt,394,403894136
tokenizer-bolt,291,399498939
__acker,1426,496042453
__acker,1680,457310058
__acker,4852,571081796
__acker,2252,526241517
tweet-reader,775,378693790
tweet-reader,836,447880551
tweet-reader,916,360943660
tweet-reader,1055,370386121
__metricsmidlab.storm.scheduler.SchedulerMetricsConsumer,0,0
feature-generation-bolt,43,324789952
feature-generation-bolt,769,481802814
feature-generation-bolt,243,381869300
feature-generation-bolt,655,477359821
pos-tagger-bolt,349,1802404431
pos-tagger-bolt,688,2974870929
pos-tagger-bolt,84,1543725729
pos-tagger-bolt,198,1721999458
preprocessor-bolt,262,205658880
preprocessor-bolt,0,352827893
preprocessor-bolt,0,195236278
preprocessor-bolt,114,283262531
svm-bolt,415,242421410
svm-bolt,803,300884411
svm-bolt,310,217053342
svm-bolt,335,257074814
tokenizer-bolt,200,229622877
tokenizer-bolt,447,318375567
tokenizer-bolt,0,222058240
tokenizer-bolt,202,355732398
__acker,2038,549949090
__acker,1163,403978960
__acker,631,639831041
__acker,1859,431240610
tweet-reader,419,294409400
tweet-reader,575,485027134
tweet-reader,468,268108198
tweet-reader,505,337129069
__metricsmidlab.storm.scheduler.SchedulerMetricsConsumer,0,0
feature-generation-bolt,368,319203944
feature-generation-bolt,557,429840890
feature-generation-bolt,309,325472265
feature-generation-bolt,368,444984442
pos-tagger-bolt,227,1612226180
pos-tagger-bolt,611,2467949315
pos-tagger-bolt,295,1225719558
pos-tagger-bolt,227,1758991841
preprocessor-bolt,295,202186391
preprocessor-bolt,282,223296781
preprocessor-bolt,297,192303183
preprocessor-bolt,296,257848389
svm-bolt,286,251117405
svm-bolt,81,332414791
svm-bolt,387,195302115
svm-bolt,398,277897249
tokenizer-bolt,221,293121312
tokenizer-bolt,427,310590237
tokenizer-bolt,363,258290056
tokenizer-bolt,164,338304962
__acker,2077,507789686
__acker,996,461301102
__acker,4675,567977082
__acker,2194,475489479
tweet-reader,946,320258813
tweet-reader,672,451235707
tweet-reader,950,317441128
tweet-reader,1117,352671351
__metricsmidlab.storm.scheduler.SchedulerMetricsConsumer,0,0
feature-generation-bolt,370,399920558
feature-generation-bolt,359,500415735
feature-generation-bolt,258,391143093
feature-generation-bolt,184,352230742
pos-tagger-bolt,284,1917203136
pos-tagger-bolt,127,1918015751
pos-tagger-bolt,153,1708936731
pos-tagger-bolt,356,1893962117
preprocessor-bolt,359,273735468
preprocessor-bolt,892,378368828
preprocessor-bolt,499,297557625
preprocessor-bolt,345,279648461
svm-bolt,99,222780677
svm-bolt,249,332429792
svm-bolt,145,191326991
svm-bolt,129,203938315
tokenizer-bolt,366,371028332
tokenizer-bolt,758,527448337
tokenizer-bolt,368,372522129
tokenizer-bolt,368,357401719
__acker,2432,496185687
__acker,1410,542766859
__acker,4633,630575847
__acker,2061,526655907
tweet-reader,1003,418276504
tweet-reader,699,535076894
tweet-reader,955,334173021
tweet-reader,963,338731355
