__acker,0,0
__acker,0,0
__acker,0,0
__acker,0,0
__metricsmidlab.storm.scheduler.SchedulerMetricsConsumer,0,0
counter,0,0
counter,0,0
counter,0,0
counter,0,0
feature-generation-bolt,0,0
feature-generation-bolt,0,0
feature-generation-bolt,0,0
feature-generation-bolt,0,0
pos-tagger-bolt,0,0
pos-tagger-bolt,0,0
pos-tagger-bolt,0,0
pos-tagger-bolt,0,0
preprocessor-bolt,0,0
preprocessor-bolt,0,0
preprocessor-bolt,0,0
preprocessor-bolt,0,0
stopWordFilter,0,0
stopWordFilter,0,0
stopWordFilter,0,0
stopWordFilter,0,0
svm-bolt,0,0
svm-bolt,0,0
svm-bolt,0,0
svm-bolt,0,0
tokenizer-bolt,0,0
tokenizer-bolt,0,0
tokenizer-bolt,0,0
tokenizer-bolt,0,0
wordGenerator,0,0
wordGenerator,0,0
wordGenerator,0,0
wordGenerator,0,0
tweet-reader,0,67223693
tweet-reader,0,67426806
tweet-reader,0,77182206
tweet-reader,0,73623497
__acker,0,0
__acker,0,0
__acker,0,0
__acker,0,0
__metricsmidlab.storm.scheduler.SchedulerMetricsConsumer,0,0
counter,0,0
counter,0,0
counter,0,0
counter,0,0
feature-generation-bolt,0,0
feature-generation-bolt,0,0
feature-generation-bolt,0,0
feature-generation-bolt,0,0
pos-tagger-bolt,0,0
pos-tagger-bolt,0,0
pos-tagger-bolt,0,0
pos-tagger-bolt,0,0
preprocessor-bolt,0,0
preprocessor-bolt,0,0
preprocessor-bolt,0,0
preprocessor-bolt,0,0
stopWordFilter,0,0
stopWordFilter,0,0
stopWordFilter,0,0
stopWordFilter,0,0
svm-bolt,0,0
svm-bolt,0,0
svm-bolt,0,0
svm-bolt,0,0
tokenizer-bolt,0,0
tokenizer-bolt,0,0
tokenizer-bolt,0,0
tokenizer-bolt,0,0
wordGenerator,0,0
wordGenerator,0,0
wordGenerator,0,0
wordGenerator,0,0
tweet-reader,0,67222413
tweet-reader,0,66959846
tweet-reader,0,76875805
tweet-reader,0,73279300
__acker,0,0
__acker,0,0
__acker,0,0
__acker,0,0
__metricsmidlab.storm.scheduler.SchedulerMetricsConsumer,0,0
counter,0,0
counter,0,0
counter,0,0
counter,0,0
feature-generation-bolt,0,0
feature-generation-bolt,0,0
feature-generation-bolt,0,0
feature-generation-bolt,0,0
pos-tagger-bolt,0,0
pos-tagger-bolt,0,0
pos-tagger-bolt,0,0
pos-tagger-bolt,0,0
preprocessor-bolt,0,0
preprocessor-bolt,0,0
preprocessor-bolt,0,0
preprocessor-bolt,0,0
stopWordFilter,0,0
stopWordFilter,0,0
stopWordFilter,0,0
stopWordFilter,0,0
svm-bolt,0,0
svm-bolt,0,0
svm-bolt,0,0
svm-bolt,0,0
tokenizer-bolt,0,0
tokenizer-bolt,0,0
tokenizer-bolt,0,0
tokenizer-bolt,0,0
wordGenerator,0,0
wordGenerator,0,0
wordGenerator,0,0
wordGenerator,0,0
tweet-reader,0,67259477
tweet-reader,0,66726113
tweet-reader,0,76740903
tweet-reader,0,73202631
__acker,0,0
__acker,0,0
__acker,0,0
__acker,0,0
__metricsmidlab.storm.scheduler.SchedulerMetricsConsumer,0,0
counter,0,0
counter,0,0
counter,15,73259166
counter,21,67507622
feature-generation-bolt,0,0
feature-generation-bolt,0,147623622
feature-generation-bolt,0,162401608
feature-generation-bolt,0,147009039
pos-tagger-bolt,0,102429592
pos-tagger-bolt,0,112779361
pos-tagger-bolt,0,115875003
pos-tagger-bolt,0,144089945
preprocessor-bolt,8,95638542
preprocessor-bolt,0,0
preprocessor-bolt,8,113884893
preprocessor-bolt,8,106535699
stopWordFilter,216,81957207
stopWordFilter,0,0
stopWordFilter,20,59202377
stopWordFilter,20,60382420
svm-bolt,12,70123247
svm-bolt,0,0
svm-bolt,0,82682028
svm-bolt,0,75057446
tokenizer-bolt,12,60730015
tokenizer-bolt,12,61558386
tokenizer-bolt,12,62682853
tokenizer-bolt,0,58009844
wordGenerator,12,66439326
wordGenerator,12,63306486
wordGenerator,12,69199164
wordGenerator,12,70545075
tweet-reader,43,86719208
tweet-reader,46,88432559
tweet-reader,46,99754470
tweet-reader,45,93988161
__acker,521,125094812
__acker,476,109003468
__acker,535,117299436
__acker,548,121767793
__metricsmidlab.storm.scheduler.SchedulerMetricsConsumer,0,0
counter,282,128976393
counter,190,97714612
counter,180,109775543
counter,219,109399725
feature-generation-bolt,12,148724841
feature-generation-bolt,12,157522949
feature-generation-bolt,12,172792332
feature-generation-bolt,12,158864607
pos-tagger-bolt,11,141945269
pos-tagger-bolt,12,151263437
pos-tagger-bolt,12,152089463
pos-tagger-bolt,12,197118712
preprocessor-bolt,12,103485727
preprocessor-bolt,12,103671117
preprocessor-bolt,12,120938687
preprocessor-bolt,11,113512288
stopWordFilter,225,134288993
stopWordFilter,224,132818415
stopWordFilter,223,138666169
stopWordFilter,227,138163693
svm-bolt,12,77643550
svm-bolt,12,84531911
svm-bolt,12,93402725
svm-bolt,12,85744482
tokenizer-bolt,12,68789616
tokenizer-bolt,12,68955752
tokenizer-bolt,12,69637042
tokenizer-bolt,12,69946137
wordGenerator,12,84004266
wordGenerator,12,79838172
wordGenerator,12,84855601
wordGenerator,12,86405420
tweet-reader,48,120223747
tweet-reader,47,118198754
tweet-reader,49,114671890
tweet-reader,47,107348410
__acker,461,174237624
__acker,472,185676909
__acker,523,164618395
__acker,499,190068080
__metricsmidlab.storm.scheduler.SchedulerMetricsConsumer,0,0
counter,244,169089733
counter,204,150000605
counter,176,151118277
counter,210,142422689
feature-generation-bolt,12,162416061
feature-generation-bolt,12,168653426
feature-generation-bolt,12,180570936
feature-generation-bolt,12,166930600
pos-tagger-bolt,12,187521493
pos-tagger-bolt,12,193487393
pos-tagger-bolt,12,190170234
pos-tagger-bolt,12,235360906
preprocessor-bolt,12,113569424
preprocessor-bolt,12,109593945
preprocessor-bolt,12,129287004
preprocessor-bolt,12,119425948
stopWordFilter,210,184621972
stopWordFilter,210,180824449
stopWordFilter,211,181553396
stopWordFilter,212,181294002
svm-bolt,12,87694554
svm-bolt,12,90400386
svm-bolt,12,99142571
svm-bolt,12,91770502
tokenizer-bolt,12,79690337
tokenizer-bolt,12,79222245
tokenizer-bolt,12,21487299
tokenizer-bolt,12,76522470
wordGenerator,12,107428010
wordGenerator,12,103946490
wordGenerator,12,48509417
wordGenerator,12,49756173
tweet-reader,44,140240577
tweet-reader,48,135261195
tweet-reader,47,120292017
tweet-reader,47,113572919
__acker,550,149926808
__acker,478,151349123
__acker,557,145370660
__acker,485,140135064
__metricsmidlab.storm.scheduler.SchedulerMetricsConsumer,0,0
counter,254,129053258
counter,211,103887099
counter,193,82635648
counter,208,99195124
feature-generation-bolt,12,26730945
feature-generation-bolt,12,22578104
feature-generation-bolt,12,23005398
feature-generation-bolt,12,22735175
pos-tagger-bolt,12,91914033
pos-tagger-bolt,12,83490946
pos-tagger-bolt,12,77020733
pos-tagger-bolt,12,78837971
preprocessor-bolt,12,20060221
preprocessor-bolt,11,17920565
preprocessor-bolt,11,17503663
preprocessor-bolt,12,17818702
stopWordFilter,211,150632885
stopWordFilter,210,146108253
stopWordFilter,210,125531746
stopWordFilter,209,129808251
svm-bolt,11,20220577
svm-bolt,12,17380898
svm-bolt,12,17517449
svm-bolt,12,17167361
tokenizer-bolt,12,22069283
tokenizer-bolt,12,20777003
tokenizer-bolt,12,19169521
tokenizer-bolt,12,19212796
wordGenerator,11,48698249
wordGenerator,12,47202782
wordGenerator,12,43799210
wordGenerator,11,43671416
tweet-reader,47,123052666
tweet-reader,45,116391688
tweet-reader,46,111333557
tweet-reader,48,107483353
__acker,561,143675310
__acker,459,135180235
__acker,568,135464992
__acker,513,118917840
__metricsmidlab.storm.scheduler.SchedulerMetricsConsumer,0,0
counter,220,117647486
counter,223,97630458
counter,224,82444626
counter,275,95374224
feature-generation-bolt,12,24216726
feature-generation-bolt,12,21335580
feature-generation-bolt,12,21461111
feature-generation-bolt,16,21839588
pos-tagger-bolt,12,85103137
pos-tagger-bolt,12,79239237
pos-tagger-bolt,12,74696359
pos-tagger-bolt,12,76576276
preprocessor-bolt,24,20451727
preprocessor-bolt,9,16462168
preprocessor-bolt,24,18118440
preprocessor-bolt,8,16930951
stopWordFilter,237,142840683
stopWordFilter,235,140404999
stopWordFilter,260,122834301
stopWordFilter,262,125037986
svm-bolt,24,21650960
svm-bolt,12,16611956
svm-bolt,12,17372773
svm-bolt,12,16787370
tokenizer-bolt,24,25106301
tokenizer-bolt,24,23696615
tokenizer-bolt,24,21860397
tokenizer-bolt,24,21462346
wordGenerator,24,51663916
wordGenerator,24,50974643
wordGenerator,24,47295039
wordGenerator,21,46802898
tweet-reader,97,128338919
tweet-reader,92,121354904
tweet-reader,95,114281404
tweet-reader,97,109131675
__acker,1048,177237120
__acker,1137,185606827
__acker,1158,183127660
__acker,1005,157437311
__metricsmidlab.storm.scheduler.SchedulerMetricsConsumer,0,0
counter,525,172614806
counter,407,121801277
counter,368,104863230
counter,439,119057230
feature-generation-bolt,24,32252750
feature-generation-bolt,24,27626604
feature-generation-bolt,24,27260152
feature-generation-bolt,24,27426216
pos-tagger-bolt,24,117374019
pos-tagger-bolt,24,110486903
pos-tagger-bolt,24,95324523
pos-tagger-bolt,24,100890230
preprocessor-bolt,24,25544906
preprocessor-bolt,24,25120397
preprocessor-bolt,24,22267007
preprocessor-bolt,24,21895650
stopWordFilter,428,195912934
stopWordFilter,432,195527583
stopWordFilter,424,172611760
stopWordFilter,432,170697576
svm-bolt,24,25934967
svm-bolt,24,22598336
svm-bolt,24,22520457
svm-bolt,24,22656443
tokenizer-bolt,24,31672943
tokenizer-bolt,24,29771077
tokenizer-bolt,24,26590289
tokenizer-bolt,24,26524680
wordGenerator,24,63593325
wordGenerator,24,61042646
wordGenerator,24,56725203
wordGenerator,24,57447012
tweet-reader,93,139996854
tweet-reader,95,130859167
tweet-reader,96,121226100
tweet-reader,97,116505113
__acker,1001,212584891
__acker,966,252495171
__acker,961,225351436
__acker,1164,230585951
__metricsmidlab.storm.scheduler.SchedulerMetricsConsumer,0,0
counter,486,206627736
counter,374,164082030
counter,333,124939327
counter,435,144252607
feature-generation-bolt,24,42279654
feature-generation-bolt,24,36574417
feature-generation-bolt,24,32198045
feature-generation-bolt,24,32697106
pos-tagger-bolt,24,166943731
pos-tagger-bolt,24,155903256
pos-tagger-bolt,24,127263296
pos-tagger-bolt,24,133490558
preprocessor-bolt,24,33867130
preprocessor-bolt,24,29313085
preprocessor-bolt,24,29288637
preprocessor-bolt,24,25197078
stopWordFilter,426,235018845
stopWordFilter,425,229804493
stopWordFilter,424,204339715
stopWordFilter,426,201721709
svm-bolt,24,33413732
svm-bolt,24,26419960
svm-bolt,24,26484584
svm-bolt,24,26176441
tokenizer-bolt,24,41495034
tokenizer-bolt,24,38498459
tokenizer-bolt,24,33391677
tokenizer-bolt,24,33148686
wordGenerator,24,81793004
wordGenerator,24,79310890
wordGenerator,24,71036062
wordGenerator,24,72159891
tweet-reader,94,161189839
tweet-reader,99,148118909
tweet-reader,95,134233592
tweet-reader,95,129592682
__acker,948,252805778
__acker,1055,279994733
__acker,1063,275635087
__acker,1040,253392725
__metricsmidlab.storm.scheduler.SchedulerMetricsConsumer,0,0
counter,500,221388377
counter,390,179266007
counter,403,145749694
counter,418,171851162
feature-generation-bolt,24,45658041
feature-generation-bolt,24,39080512
feature-generation-bolt,24,37827212
feature-generation-bolt,24,37488951
pos-tagger-bolt,24,179981701
pos-tagger-bolt,24,170082228
pos-tagger-bolt,24,137532241
pos-tagger-bolt,24,141242421
preprocessor-bolt,24,33831597
preprocessor-bolt,24,30611401
preprocessor-bolt,24,29391614
preprocessor-bolt,24,27604878
stopWordFilter,413,256818154
stopWordFilter,415,252177724
stopWordFilter,413,215991015
stopWordFilter,414,216728363
svm-bolt,24,33620609
svm-bolt,24,28030560
svm-bolt,24,27550446
svm-bolt,24,27849634
tokenizer-bolt,24,41202481
tokenizer-bolt,24,37552232
tokenizer-bolt,24,32986604
tokenizer-bolt,24,32490447
wordGenerator,24,80223688
wordGenerator,24,75914130
wordGenerator,24,69985826
wordGenerator,24,70102331
tweet-reader,96,160771542
tweet-reader,96,143511436
tweet-reader,96,129482856
tweet-reader,96,127050202
__acker,892,247729293
__acker,969,268065699
__acker,1168,275792673
__acker,1072,247822522
__metricsmidlab.storm.scheduler.SchedulerMetricsConsumer,0,0
counter,459,219436379
counter,454,175403867
counter,448,151002020
counter,575,174772114
feature-generation-bolt,28,46022608
feature-generation-bolt,28,40009464
feature-generation-bolt,32,38559920
feature-generation-bolt,32,38572734
pos-tagger-bolt,28,183785542
pos-tagger-bolt,32,174866646
pos-tagger-bolt,32,140334202
pos-tagger-bolt,32,144038040
preprocessor-bolt,36,35229140
preprocessor-bolt,36,33356938
preprocessor-bolt,36,29155260
preprocessor-bolt,36,29225836
stopWordFilter,631,275192256
stopWordFilter,633,269170794
stopWordFilter,635,235429940
stopWordFilter,555,219480750
svm-bolt,36,35982727
svm-bolt,36,30807098
svm-bolt,36,29184531
svm-bolt,35,30230700
tokenizer-bolt,36,45278412
tokenizer-bolt,36,41597133
tokenizer-bolt,36,35635686
tokenizer-bolt,36,36280616
wordGenerator,36,87768159
wordGenerator,36,82693494
wordGenerator,36,76382477
wordGenerator,36,77124175
tweet-reader,144,165198417
tweet-reader,144,145303706
tweet-reader,146,132291621
tweet-reader,146,127782923
__acker,1604,295623759
__acker,1613,348813541
__acker,1496,322292737
__acker,1621,300636236
__metricsmidlab.storm.scheduler.SchedulerMetricsConsumer,0,0
counter,782,275575719
counter,618,211020577
counter,541,177221290
counter,666,199313771
feature-generation-bolt,36,56575504
feature-generation-bolt,36,48291179
feature-generation-bolt,36,43797096
feature-generation-bolt,36,42514730
pos-tagger-bolt,36,235992986
pos-tagger-bolt,36,217687784
pos-tagger-bolt,36,174228006
pos-tagger-bolt,36,176819506
preprocessor-bolt,36,42393199
preprocessor-bolt,35,37327649
preprocessor-bolt,36,35352543
preprocessor-bolt,36,33603522
stopWordFilter,635,307056008
stopWordFilter,636,304393560
stopWordFilter,644,262920091
stopWordFilter,635,268463300
svm-bolt,36,40241718
svm-bolt,36,33987059
svm-bolt,36,32379434
svm-bolt,36,31992865
tokenizer-bolt,36,54156946
tokenizer-bolt,36,50890567
tokenizer-bolt,36,43215916
tokenizer-bolt,36,42813843
wordGenerator,36,101939974
wordGenerator,36,97667545
wordGenerator,36,92229626
wordGenerator,36,90892497
tweet-reader,146,174313117
tweet-reader,144,152204918
tweet-reader,142,141628496
tweet-reader,144,135360039
__acker,1739,358429363
__acker,1503,397358349
__acker,1583,386193174
__acker,1613,340826205
__metricsmidlab.storm.scheduler.SchedulerMetricsConsumer,0,0
counter,768,323691520
counter,576,236780381
counter,579,197798775
counter,659,235959958
feature-generation-bolt,36,65098558
feature-generation-bolt,36,55863564
feature-generation-bolt,36,52081190
feature-generation-bolt,36,52121254
pos-tagger-bolt,36,270653237
pos-tagger-bolt,36,255687052
pos-tagger-bolt,36,198679440
pos-tagger-bolt,36,199362656
preprocessor-bolt,36,47881144
preprocessor-bolt,36,44872435
preprocessor-bolt,36,39083103
preprocessor-bolt,36,40014640
stopWordFilter,668,360542685
stopWordFilter,669,349382803
stopWordFilter,661,304922942
stopWordFilter,661,306690605
svm-bolt,36,42982515
svm-bolt,36,37439202
svm-bolt,36,35525718
svm-bolt,36,35517256
tokenizer-bolt,36,61106023
tokenizer-bolt,36,56593669
tokenizer-bolt,36,47628630
tokenizer-bolt,36,46627676
wordGenerator,36,113651108
wordGenerator,36,108082382
wordGenerator,36,101708324
wordGenerator,36,99756689
tweet-reader,145,179504159
tweet-reader,142,156387841
tweet-reader,143,146399677
tweet-reader,145,141487916
__acker,1598,374629412
__acker,1602,434547958
__acker,1475,410828599
__acker,1558,345528799
__metricsmidlab.storm.scheduler.SchedulerMetricsConsumer,0,0
counter,743,318658667
counter,560,249750197
counter,534,210614045
counter,672,242116585
feature-generation-bolt,36,66244474
feature-generation-bolt,36,57892173
feature-generation-bolt,36,52643776
feature-generation-bolt,36,53034254
pos-tagger-bolt,36,281291980
pos-tagger-bolt,36,264242821
pos-tagger-bolt,36,199701291
pos-tagger-bolt,36,205658916
preprocessor-bolt,32,47120285
preprocessor-bolt,28,44063924
preprocessor-bolt,28,37957232
preprocessor-bolt,28,37478175
stopWordFilter,472,353212155
stopWordFilter,622,344529852
stopWordFilter,616,306282239
stopWordFilter,623,302353281
svm-bolt,25,41196692
svm-bolt,28,34959143
svm-bolt,28,33652805
svm-bolt,36,35268947
tokenizer-bolt,24,57429040
tokenizer-bolt,28,55134063
tokenizer-bolt,28,44222856
tokenizer-bolt,28,45289136
wordGenerator,25,111253525
wordGenerator,28,102738582
wordGenerator,28,93201687
wordGenerator,28,95828340
tweet-reader,121,173646488
tweet-reader,118,154406314
tweet-reader,128,143332812
tweet-reader,125,138120778
__acker,2031,394260092
__acker,2157,471519059
__acker,2092,424606678
__acker,2126,360277902
__metricsmidlab.storm.scheduler.SchedulerMetricsConsumer,0,0
counter,1087,333439062
counter,767,263410960
counter,717,222912248
counter,883,250922700
feature-generation-bolt,47,71436377
feature-generation-bolt,48,61811466
feature-generation-bolt,48,54655722
feature-generation-bolt,48,53256547
pos-tagger-bolt,47,306036726
pos-tagger-bolt,48,287756548
pos-tagger-bolt,48,216932531
pos-tagger-bolt,48,220508298
preprocessor-bolt,48,53517380
preprocessor-bolt,48,48016337
preprocessor-bolt,48,42515043
preprocessor-bolt,48,40628609
stopWordFilter,882,404240210
stopWordFilter,863,373570364
stopWordFilter,872,328847289
stopWordFilter,870,330114179
svm-bolt,48,45090396
svm-bolt,47,39118037
svm-bolt,48,36933413
svm-bolt,48,36000155
tokenizer-bolt,48,67135871
tokenizer-bolt,48,62256607
tokenizer-bolt,48,51930569
tokenizer-bolt,48,49203598
wordGenerator,48,123591741
wordGenerator,48,116920041
wordGenerator,48,107806904
wordGenerator,48,107218564
tweet-reader,191,183103539
tweet-reader,190,159059975
tweet-reader,193,151427284
tweet-reader,193,146310168
__acker,1986,445644592
__acker,1996,526456520
__acker,2035,488888408
__acker,2062,401549523
__metricsmidlab.storm.scheduler.SchedulerMetricsConsumer,0,0
counter,952,373282609
counter,810,273650976
counter,661,238132870
counter,830,279589366
feature-generation-bolt,48,75359906
feature-generation-bolt,48,66198105
feature-generation-bolt,48,61549369
feature-generation-bolt,48,60632615
pos-tagger-bolt,48,346115841
pos-tagger-bolt,48,310554841
pos-tagger-bolt,48,238685803
pos-tagger-bolt,48,244191003
preprocessor-bolt,48,55584026
preprocessor-bolt,48,53222187
preprocessor-bolt,48,46326925
preprocessor-bolt,48,46925707
stopWordFilter,842,423968053
stopWordFilter,842,407081089
stopWordFilter,850,376088856
stopWordFilter,854,377520208
svm-bolt,48,46938247
svm-bolt,48,42210436
svm-bolt,48,41532784
svm-bolt,48,40208432
tokenizer-bolt,48,78158953
tokenizer-bolt,48,66401567
tokenizer-bolt,48,57259277
tokenizer-bolt,48,56625259
wordGenerator,48,137568485
wordGenerator,48,130621783
wordGenerator,46,116764396
wordGenerator,48,115506199
tweet-reader,193,193350601
tweet-reader,193,161537145
tweet-reader,192,161766827
tweet-reader,187,150614686
__acker,2147,501731003
__acker,2045,566350809
__acker,2109,561202250
__acker,2112,463287858
__metricsmidlab.storm.scheduler.SchedulerMetricsConsumer,0,0
counter,985,402222778
counter,794,307300968
counter,760,265433550
counter,811,306682822
feature-generation-bolt,48,85290515
feature-generation-bolt,48,75832920
feature-generation-bolt,48,68877131
feature-generation-bolt,48,68653845
pos-tagger-bolt,48,381467301
pos-tagger-bolt,48,352926247
pos-tagger-bolt,48,269493878
pos-tagger-bolt,48,277254439
preprocessor-bolt,48,60650958
preprocessor-bolt,48,56314991
preprocessor-bolt,48,50553610
preprocessor-bolt,48,49651156
stopWordFilter,830,443373488
stopWordFilter,833,423800447
stopWordFilter,828,395387554
stopWordFilter,834,397484489
svm-bolt,48,51959117
svm-bolt,48,44701723
svm-bolt,48,44264659
svm-bolt,48,43262350
tokenizer-bolt,48,78767386
tokenizer-bolt,48,71638221
tokenizer-bolt,48,62203309
tokenizer-bolt,48,60995865
wordGenerator,48,138682480
wordGenerator,47,129579157
wordGenerator,48,124133662
wordGenerator,48,123675695
tweet-reader,194,187922682
tweet-reader,191,160727018
tweet-reader,189,159606287
tweet-reader,192,154336147
__acker,1976,489778765
__acker,1536,536507140
__acker,2083,541176112
__acker,1473,442288600
__metricsmidlab.storm.scheduler.SchedulerMetricsConsumer,0,0
counter,739,376911596
counter,554,286743700
counter,722,266006016
counter,847,307540053
feature-generation-bolt,44,88564344
feature-generation-bolt,48,75338346
feature-generation-bolt,48,69459246
feature-generation-bolt,48,68051487
pos-tagger-bolt,40,391960080
pos-tagger-bolt,48,353516788
pos-tagger-bolt,48,272177121
pos-tagger-bolt,48,279833328
preprocessor-bolt,36,62258209
preprocessor-bolt,36,54496337
preprocessor-bolt,39,48120676
preprocessor-bolt,40,47877160
stopWordFilter,602,430180334
stopWordFilter,591,404989982
stopWordFilter,625,369002679
stopWordFilter,597,372104197
svm-bolt,40,52423547
svm-bolt,40,44651363
svm-bolt,42,42530463
svm-bolt,40,41824592
tokenizer-bolt,60,81163538
tokenizer-bolt,40,69472321
tokenizer-bolt,40,58931079
tokenizer-bolt,40,58364774
wordGenerator,48,136462110
wordGenerator,32,122546217
wordGenerator,36,115330672
wordGenerator,32,115923806
tweet-reader,191,187200368
tweet-reader,201,161038290
tweet-reader,204,157101282
tweet-reader,200,149759356
__acker,2174,463362209
__acker,2320,556606070
__acker,2196,527889561
__acker,2184,448565755
__metricsmidlab.storm.scheduler.SchedulerMetricsConsumer,0,0
counter,1115,394844725
counter,808,285709211
counter,742,258576444
counter,897,293103193
feature-generation-bolt,60,95791270
feature-generation-bolt,60,79107938
feature-generation-bolt,60,71506351
feature-generation-bolt,60,70718767
pos-tagger-bolt,60,417356032
pos-tagger-bolt,60,376147112
pos-tagger-bolt,60,284986672
pos-tagger-bolt,60,292107026
preprocessor-bolt,60,68671521
preprocessor-bolt,60,60993731
preprocessor-bolt,60,53710243
preprocessor-bolt,60,54053907
stopWordFilter,862,445747311
stopWordFilter,862,412364438
stopWordFilter,902,374488628
stopWordFilter,902,377627056
svm-bolt,60,59148005
svm-bolt,60,48985541
svm-bolt,60,47022041
svm-bolt,60,44809549
tokenizer-bolt,60,87680439
tokenizer-bolt,60,77989581
tokenizer-bolt,60,65591039
tokenizer-bolt,60,65542296
wordGenerator,48,140880704
wordGenerator,48,124866346
wordGenerator,48,117261295
wordGenerator,48,118698637
tweet-reader,218,188797757
tweet-reader,217,164656637
tweet-reader,217,160746224
tweet-reader,217,154945341
__acker,2060,464674110
__acker,2146,566235137
__acker,2199,522474743
__acker,2252,461580825
__metricsmidlab.storm.scheduler.SchedulerMetricsConsumer,0,0
counter,1038,397924796
counter,784,286179478
counter,660,256049878
counter,890,298699625
feature-generation-bolt,60,99562047
feature-generation-bolt,60,84079712
feature-generation-bolt,60,76720077
feature-generation-bolt,60,75501304
pos-tagger-bolt,60,442930141
pos-tagger-bolt,60,406191825
pos-tagger-bolt,60,317093821
pos-tagger-bolt,60,322775569
preprocessor-bolt,60,71511689
preprocessor-bolt,60,62565233
preprocessor-bolt,60,61916105
preprocessor-bolt,60,56351308
stopWordFilter,886,443446637
stopWordFilter,886,403338210
stopWordFilter,856,388208807
stopWordFilter,873,384198134
svm-bolt,60,61782079
svm-bolt,60,50530256
svm-bolt,60,50245354
svm-bolt,60,48840834
tokenizer-bolt,60,91280130
tokenizer-bolt,60,83430336
tokenizer-bolt,58,75184521
tokenizer-bolt,58,74814984
wordGenerator,48,139692648
wordGenerator,48,126580317
wordGenerator,44,127015053
wordGenerator,47,126185395
tweet-reader,214,184668049
tweet-reader,217,164205507
tweet-reader,217,171651126
tweet-reader,214,165067542
__acker,2074,487891444
__acker,2188,511186010
__acker,2092,494884687
__acker,2118,491500987
__metricsmidlab.storm.scheduler.SchedulerMetricsConsumer,0,0
counter,1010,344457141
counter,772,279581861
counter,817,275292358
counter,838,320058655
feature-generation-bolt,60,91610753
feature-generation-bolt,60,81596842
feature-generation-bolt,60,84572225
feature-generation-bolt,60,82698723
pos-tagger-bolt,60,387956501
pos-tagger-bolt,60,398546720
pos-tagger-bolt,60,340275246
pos-tagger-bolt,60,348136514
preprocessor-bolt,60,63905239
preprocessor-bolt,60,58255230
preprocessor-bolt,60,61115656
preprocessor-bolt,60,59180395
stopWordFilter,841,390026007
stopWordFilter,840,360791451
stopWordFilter,842,413098264
stopWordFilter,836,407978340
svm-bolt,60,54059939
svm-bolt,60,47376648
svm-bolt,60,52875621
svm-bolt,60,51581749
tokenizer-bolt,60,79754546
tokenizer-bolt,60,74847312
tokenizer-bolt,60,73191699
tokenizer-bolt,60,73951061
wordGenerator,40,108836670
wordGenerator,48,112321639
wordGenerator,48,124287848
wordGenerator,48,124895007
tweet-reader,203,151090366
tweet-reader,207,139606780
tweet-reader,207,170959237
tweet-reader,199,165109601
__acker,1646,462572649
__acker,1569,437427575
__acker,2074,412799198
__acker,1725,469062367
__metricsmidlab.storm.scheduler.SchedulerMetricsConsumer,0,0
counter,735,290891553
counter,743,224178518
counter,714,262853552
counter,647,301921485
feature-generation-bolt,64,74502457
feature-generation-bolt,72,68473176
feature-generation-bolt,44,81252501
feature-generation-bolt,72,80965214
pos-tagger-bolt,64,325492581
pos-tagger-bolt,72,331625240
pos-tagger-bolt,72,327785353
pos-tagger-bolt,72,339768510
preprocessor-bolt,72,52944131
preprocessor-bolt,72,50864804
preprocessor-bolt,72,59737103
preprocessor-bolt,72,60199915
stopWordFilter,874,306867113
stopWordFilter,787,310749127
stopWordFilter,859,391973976
stopWordFilter,872,390140328
svm-bolt,73,45133776
svm-bolt,72,43109710
svm-bolt,71,51840099
svm-bolt,72,50997554
tokenizer-bolt,72,67107014
tokenizer-bolt,72,66256496
tokenizer-bolt,72,73648178
tokenizer-bolt,72,74482060
wordGenerator,48,95852286
wordGenerator,48,91396751
wordGenerator,48,118381008
wordGenerator,48,118416504
tweet-reader,242,140624824
tweet-reader,239,134773213
tweet-reader,242,167860272
tweet-reader,244,164318455
__acker,2353,498783495
__acker,2267,421614189
__acker,2333,401880918
__acker,2441,468076900
__metricsmidlab.storm.scheduler.SchedulerMetricsConsumer,0,0
counter,1164,281228109
counter,850,210596715
counter,724,259841902
counter,889,292981989
feature-generation-bolt,72,74137237
feature-generation-bolt,72,69626894
feature-generation-bolt,72,85046911
feature-generation-bolt,72,85264167
pos-tagger-bolt,72,327828108
pos-tagger-bolt,72,340131725
pos-tagger-bolt,72,347819260
pos-tagger-bolt,72,359086462
preprocessor-bolt,72,54033772
preprocessor-bolt,72,53443678
preprocessor-bolt,72,62513566
preprocessor-bolt,72,63554354
stopWordFilter,854,303984534
stopWordFilter,865,294318985
stopWordFilter,855,387779033
stopWordFilter,901,386590587
svm-bolt,72,47340317
svm-bolt,72,45232136
svm-bolt,72,55938385
svm-bolt,72,54971820
tokenizer-bolt,72,71343766
tokenizer-bolt,72,70276112
tokenizer-bolt,72,77509484
tokenizer-bolt,72,78844965
wordGenerator,48,94423978
wordGenerator,48,90114512
wordGenerator,48,116954506
wordGenerator,48,116775174
tweet-reader,240,142317532
tweet-reader,237,138352375
tweet-reader,240,170735158
tweet-reader,242,167457383
__acker,2282,504733846
__acker,2189,409548405
__acker,2320,415422098
__acker,2439,480612242
__metricsmidlab.storm.scheduler.SchedulerMetricsConsumer,0,0
counter,1065,277278645
counter,817,220636119
counter,747,260867754
counter,902,291190553
feature-generation-bolt,72,80526668
feature-generation-bolt,72,78224864
feature-generation-bolt,72,88704625
feature-generation-bolt,72,89995163
pos-tagger-bolt,72,371125978
pos-tagger-bolt,72,383818953
pos-tagger-bolt,72,396632746
pos-tagger-bolt,72,408058377
preprocessor-bolt,72,59487315
preprocessor-bolt,72,56076877
preprocessor-bolt,72,68812195
preprocessor-bolt,72,67006400
stopWordFilter,897,310710384
stopWordFilter,892,302451795
stopWordFilter,892,409757009
stopWordFilter,886,398803504
svm-bolt,72,51353011
svm-bolt,72,48818030
svm-bolt,72,61113048
svm-bolt,72,60070972
tokenizer-bolt,72,79820689
tokenizer-bolt,72,78080979
tokenizer-bolt,72,85192621
tokenizer-bolt,72,86752087
wordGenerator,48,96830239
wordGenerator,48,94045071
wordGenerator,48,121052249
wordGenerator,48,121824398
tweet-reader,241,148130654
tweet-reader,241,144639907
tweet-reader,244,181127862
tweet-reader,241,175916981
__acker,2290,523951700
__acker,2255,411534600
__acker,2263,422669282
__acker,2242,506838817
__metricsmidlab.storm.scheduler.SchedulerMetricsConsumer,0,0
counter,1013,282419140
counter,760,225636127
counter,797,259205576
counter,872,308218498
feature-generation-bolt,72,81047760
feature-generation-bolt,72,78027952
feature-generation-bolt,72,94245294
feature-generation-bolt,72,94785582
pos-tagger-bolt,72,383026933
pos-tagger-bolt,72,392241430
pos-tagger-bolt,72,401683765
pos-tagger-bolt,72,414492551
preprocessor-bolt,72,58448501
preprocessor-bolt,72,58709615
preprocessor-bolt,72,68429030
preprocessor-bolt,72,70365663
stopWordFilter,831,307449422
stopWordFilter,827,304621341
stopWordFilter,846,394318398
stopWordFilter,836,396504579
svm-bolt,72,50719853
svm-bolt,72,49426390
svm-bolt,72,59630501
svm-bolt,72,59935633
tokenizer-bolt,72,78232972
tokenizer-bolt,72,76838838
tokenizer-bolt,72,83344597
tokenizer-bolt,72,86728209
wordGenerator,48,92721858
wordGenerator,48,92739569
wordGenerator,48,120382187
wordGenerator,48,122867834
tweet-reader,222,147349582
tweet-reader,219,144787291
tweet-reader,219,179927831
tweet-reader,218,176061899
__acker,1723,489444617
__acker,2470,403875272
__acker,1645,398111304
__acker,2311,474490680
__metricsmidlab.storm.scheduler.SchedulerMetricsConsumer,0,0
counter,1049,268036805
counter,779,210353493
counter,561,253527520
counter,668,290951258
feature-generation-bolt,84,77856316
feature-generation-bolt,56,76026411
feature-generation-bolt,56,89818585
feature-generation-bolt,60,91589671
pos-tagger-bolt,84,374912439
pos-tagger-bolt,56,373652953
pos-tagger-bolt,56,386602090
pos-tagger-bolt,57,408272950
preprocessor-bolt,84,57587350
preprocessor-bolt,84,57256784
preprocessor-bolt,84,67658280
preprocessor-bolt,84,68761207
stopWordFilter,862,292051180
stopWordFilter,863,290798839
stopWordFilter,853,383864858
stopWordFilter,857,380883346
svm-bolt,84,50066442
svm-bolt,84,48916964
svm-bolt,84,60012466
svm-bolt,84,59415240
tokenizer-bolt,84,77960622
tokenizer-bolt,84,75006573
tokenizer-bolt,84,82124580
tokenizer-bolt,84,85599755
wordGenerator,48,89474424
wordGenerator,48,88774048
wordGenerator,48,115500518
wordGenerator,48,118586091
tweet-reader,265,147069935
tweet-reader,264,145479675
tweet-reader,266,178760257
tweet-reader,267,176639210
__acker,2388,507311106
__acker,2322,417324385
__acker,2339,409333230
__acker,2413,479750493
__metricsmidlab.storm.scheduler.SchedulerMetricsConsumer,0,0
counter,1111,271166638
counter,836,208551055
counter,745,248071336
counter,869,285973717
feature-generation-bolt,84,80065491
feature-generation-bolt,84,79296956
feature-generation-bolt,84,96972647
feature-generation-bolt,84,96542772
pos-tagger-bolt,84,391206538
pos-tagger-bolt,84,404667886
pos-tagger-bolt,84,416381033
pos-tagger-bolt,84,428083752
preprocessor-bolt,88,60146205
preprocessor-bolt,84,60522421
preprocessor-bolt,84,71925745
preprocessor-bolt,84,71669136
stopWordFilter,834,284795496
stopWordFilter,817,289674600
stopWordFilter,840,383478833
stopWordFilter,828,376099316
svm-bolt,84,52226650
svm-bolt,84,51883797
svm-bolt,84,63728251
svm-bolt,84,62654460
tokenizer-bolt,84,79944880
tokenizer-bolt,84,80677238
tokenizer-bolt,84,90276239
tokenizer-bolt,84,89990376
wordGenerator,48,86580978
wordGenerator,47,87352199
wordGenerator,48,117131599
wordGenerator,48,115016247
tweet-reader,265,146707270
tweet-reader,266,145481892
tweet-reader,266,183389764
tweet-reader,269,181852865
__acker,2325,518037959
__acker,2409,449305869
__acker,2403,409163324
__acker,2248,507912320
__metricsmidlab.storm.scheduler.SchedulerMetricsConsumer,0,0
counter,1059,279687398
counter,857,222309034
counter,748,246208788
counter,935,281945188
feature-generation-bolt,84,89651715
feature-generation-bolt,84,87212137
feature-generation-bolt,84,102463882
feature-generation-bolt,84,100711369
pos-tagger-bolt,84,440941035
pos-tagger-bolt,84,424050122
pos-tagger-bolt,84,435268343
pos-tagger-bolt,84,473894605
preprocessor-bolt,84,65828812
preprocessor-bolt,84,64480253
preprocessor-bolt,84,77950282
preprocessor-bolt,83,77375312
stopWordFilter,889,301021262
stopWordFilter,893,302672728
stopWordFilter,890,402130227
stopWordFilter,897,389748761
svm-bolt,84,56413432
svm-bolt,84,56115317
svm-bolt,84,67053599
svm-bolt,84,65977536
tokenizer-bolt,84,87196793
tokenizer-bolt,84,87573388
tokenizer-bolt,84,96942062
tokenizer-bolt,84,95907817
wordGenerator,48,92172915
wordGenerator,48,92907851
wordGenerator,48,119474351
wordGenerator,48,123179736
tweet-reader,266,153219228
tweet-reader,265,152432098
tweet-reader,266,189574315
tweet-reader,265,186946969
__acker,2302,531410562
__acker,2346,452234448
__acker,2306,439591592
__acker,2364,512061045
__metricsmidlab.storm.scheduler.SchedulerMetricsConsumer,0,0
counter,1022,278535087
counter,766,223913811
counter,754,264705044
counter,888,299932776
feature-generation-bolt,84,89524323
feature-generation-bolt,84,86535960
feature-generation-bolt,84,106881284
feature-generation-bolt,84,104717407
pos-tagger-bolt,84,444309168
pos-tagger-bolt,84,448967899
pos-tagger-bolt,84,468794522
pos-tagger-bolt,84,475494418
preprocessor-bolt,84,65822972
preprocessor-bolt,84,64778406
preprocessor-bolt,84,79384285
preprocessor-bolt,84,77970214
stopWordFilter,858,302800826
stopWordFilter,857,300322434
stopWordFilter,858,404269521
stopWordFilter,852,388695337
svm-bolt,84,56227554
svm-bolt,84,56334994
svm-bolt,84,67996935
svm-bolt,84,66360713
tokenizer-bolt,84,86786171
tokenizer-bolt,84,86684878
tokenizer-bolt,84,97253768
tokenizer-bolt,84,95214532
wordGenerator,48,91472437
wordGenerator,48,91836998
wordGenerator,48,119515525
wordGenerator,48,122134481
tweet-reader,247,155756570
tweet-reader,244,152419665
tweet-reader,237,193177733
tweet-reader,240,187590601
__acker,1937,508520476
__acker,2489,434383393
__acker,1897,424907386
__acker,2326,492114317
__metricsmidlab.storm.scheduler.SchedulerMetricsConsumer,0,0
counter,1106,270097458
counter,764,214069517
counter,547,260327360
counter,663,286829826
feature-generation-bolt,99,88826584
feature-generation-bolt,96,86681535
feature-generation-bolt,72,105072775
feature-generation-bolt,76,103629660
pos-tagger-bolt,99,444007384
pos-tagger-bolt,72,436160805
pos-tagger-bolt,72,456227436
pos-tagger-bolt,90,467543213
preprocessor-bolt,96,66921583
preprocessor-bolt,96,65505822
preprocessor-bolt,96,78377830
preprocessor-bolt,100,77753647
stopWordFilter,865,297652061
stopWordFilter,865,294451669
stopWordFilter,862,387248192
stopWordFilter,863,375720004
svm-bolt,96,56899011
svm-bolt,96,55143331
svm-bolt,96,67479278
svm-bolt,96,67248685
tokenizer-bolt,96,89396411
tokenizer-bolt,96,85564463
tokenizer-bolt,96,96962531
tokenizer-bolt,96,95140816
wordGenerator,48,88677831
wordGenerator,48,88978151
wordGenerator,48,115561575
wordGenerator,48,118302180
tweet-reader,293,157229896
tweet-reader,292,155009934
tweet-reader,292,193912890
tweet-reader,293,187603398
__acker,2533,515326577
__acker,2488,435343344
__acker,2370,430105708
__acker,2416,498005944
__metricsmidlab.storm.scheduler.SchedulerMetricsConsumer,0,0
counter,1068,273553289
counter,821,210073004
counter,764,254321841
counter,854,286268066
feature-generation-bolt,96,92701106
feature-generation-bolt,96,91089255
feature-generation-bolt,96,110274887
feature-generation-bolt,96,111273321
pos-tagger-bolt,96,468489033
pos-tagger-bolt,96,476270759
pos-tagger-bolt,96,484727795
pos-tagger-bolt,96,498949983
preprocessor-bolt,96,67873410
preprocessor-bolt,96,69384907
preprocessor-bolt,96,83157147
preprocessor-bolt,96,81828469
stopWordFilter,849,296457003
stopWordFilter,849,292594490
stopWordFilter,845,383834775
stopWordFilter,877,375304990
svm-bolt,96,59783781
svm-bolt,96,57859170
svm-bolt,96,69913465
svm-bolt,96,69847576
tokenizer-bolt,96,93955827
tokenizer-bolt,96,92947868
tokenizer-bolt,96,103248245
tokenizer-bolt,96,103157722
wordGenerator,48,87856681
wordGenerator,48,88249482
wordGenerator,48,117263491
wordGenerator,48,116705744
tweet-reader,291,162161688
tweet-reader,292,158531206
tweet-reader,287,198623135
tweet-reader,292,195012992
__acker,2565,533267994
__acker,2351,463576051
__acker,2401,428496051
__acker,2558,515448775
__metricsmidlab.storm.scheduler.SchedulerMetricsConsumer,0,0
counter,1016,284505509
counter,910,224069732
counter,787,247086565
counter,920,286268735
feature-generation-bolt,96,95092776
feature-generation-bolt,96,95529501
feature-generation-bolt,96,117223498
feature-generation-bolt,96,116482332
pos-tagger-bolt,96,507668252
pos-tagger-bolt,96,497984272
pos-tagger-bolt,96,510023695
pos-tagger-bolt,96,522235515
preprocessor-bolt,96,73018724
preprocessor-bolt,96,74249087
preprocessor-bolt,96,88535825
preprocessor-bolt,96,87360334
stopWordFilter,913,310634355
stopWordFilter,913,306748008
stopWordFilter,907,404851992
stopWordFilter,907,394440006
svm-bolt,96,62962082
svm-bolt,96,60968823
svm-bolt,96,73402856
svm-bolt,96,72910486
tokenizer-bolt,96,100592791
tokenizer-bolt,96,99999506
tokenizer-bolt,96,110453542
tokenizer-bolt,96,110701625
wordGenerator,48,92294037
wordGenerator,48,93045285
wordGenerator,48,122393104
wordGenerator,48,122376998
tweet-reader,288,168144792
tweet-reader,292,164676282
tweet-reader,294,205306757
tweet-reader,292,203259974
__acker,2470,551165340
__acker,2342,463006089
__acker,2380,438929468
__acker,2346,512915456
__metricsmidlab.storm.scheduler.SchedulerMetricsConsumer,0,0
counter,1026,277693173
counter,746,220871020
counter,731,261295855
counter,858,300950709
feature-generation-bolt,96,98822142
feature-generation-bolt,96,99650916
feature-generation-bolt,96,121834936
feature-generation-bolt,96,121244202
pos-tagger-bolt,96,501984336
pos-tagger-bolt,96,522924812
pos-tagger-bolt,96,544591623
pos-tagger-bolt,96,557785346
preprocessor-bolt,96,72034238
preprocessor-bolt,92,72985508
preprocessor-bolt,92,87994625
preprocessor-bolt,88,86161032
stopWordFilter,628,290578844
stopWordFilter,629,288142702
stopWordFilter,633,380264743
stopWordFilter,630,369937768
svm-bolt,72,59999697
svm-bolt,72,59120509
svm-bolt,68,69127316
svm-bolt,68,68167634
tokenizer-bolt,72,95554857
tokenizer-bolt,72,93992389
tokenizer-bolt,68,103498382
tokenizer-bolt,69,103970231
wordGenerator,36,88386071
wordGenerator,36,88041871
wordGenerator,36,114959459
wordGenerator,36,115262851
tweet-reader,229,162055224
tweet-reader,236,161401247
tweet-reader,244,198075913
tweet-reader,246,199169175
__acker,2533,537906468
__acker,2370,437841598
__acker,2493,430195472
__acker,2498,503050082
__metricsmidlab.storm.scheduler.SchedulerMetricsConsumer,0,0
counter,1051,264082408
counter,763,207067293
counter,758,253856434
counter,896,286869458
feature-generation-bolt,108,98602063
feature-generation-bolt,108,98712998
feature-generation-bolt,108,118866410
feature-generation-bolt,112,118199670
pos-tagger-bolt,108,503657457
pos-tagger-bolt,108,519264639
pos-tagger-bolt,108,537228159
pos-tagger-bolt,108,555900189
preprocessor-bolt,109,73626538
preprocessor-bolt,112,72786062
preprocessor-bolt,108,89520779
preprocessor-bolt,108,85515042
stopWordFilter,882,290545639
stopWordFilter,881,286246051
stopWordFilter,886,376565993
stopWordFilter,886,365525998
svm-bolt,108,62197785
svm-bolt,108,60545994
svm-bolt,108,72304932
svm-bolt,108,71428577
tokenizer-bolt,108,99858277
tokenizer-bolt,108,98597603
tokenizer-bolt,108,109958909
tokenizer-bolt,108,108629598
wordGenerator,48,87260221
wordGenerator,48,86949212
wordGenerator,48,113717365
wordGenerator,48,117323821
tweet-reader,315,166911193
tweet-reader,310,165763525
tweet-reader,312,204056619
tweet-reader,314,204275954
__acker,2532,541237282
__acker,2439,433580647
__acker,2478,438871844
__acker,2436,509534017
__metricsmidlab.storm.scheduler.SchedulerMetricsConsumer,0,0
counter,1037,267789853
counter,865,204591897
counter,695,246573007
counter,854,279302108
feature-generation-bolt,109,102562633
feature-generation-bolt,108,103184206
feature-generation-bolt,111,125365521
feature-generation-bolt,108,125301958
pos-tagger-bolt,108,525549993
pos-tagger-bolt,112,545342458
pos-tagger-bolt,108,559311168
pos-tagger-bolt,109,578904332
preprocessor-bolt,108,76544061
preprocessor-bolt,108,77203969
preprocessor-bolt,108,92683938
preprocessor-bolt,108,90159555
stopWordFilter,855,288288275
stopWordFilter,865,285541804
stopWordFilter,843,378968636
stopWordFilter,868,367583351
svm-bolt,108,64014076
svm-bolt,108,62608236
svm-bolt,108,75780110
svm-bolt,109,73805944
tokenizer-bolt,108,103800361
tokenizer-bolt,108,103379084
tokenizer-bolt,108,114515757
tokenizer-bolt,108,115507166
wordGenerator,48,86442570
wordGenerator,48,86297774
wordGenerator,48,115987382
wordGenerator,48,118352790
tweet-reader,311,169829789
tweet-reader,317,168220271
tweet-reader,317,208692280
tweet-reader,314,207297110
__acker,2464,569852315
__acker,2555,462365172
__acker,2554,461942961
__acker,2532,536106458
__metricsmidlab.storm.scheduler.SchedulerMetricsConsumer,0,0
counter,1028,273372840
counter,854,219100141
counter,780,257622478
counter,925,297358753
feature-generation-bolt,108,111256240
feature-generation-bolt,108,112524673
feature-generation-bolt,108,135569771
feature-generation-bolt,109,135541531
pos-tagger-bolt,108,577503414
pos-tagger-bolt,108,593668624
pos-tagger-bolt,108,607195400
pos-tagger-bolt,108,631672044
preprocessor-bolt,108,81309625
preprocessor-bolt,108,82504424
preprocessor-bolt,108,99145087
preprocessor-bolt,108,95765667
stopWordFilter,877,300287651
stopWordFilter,871,299019310
stopWordFilter,874,394865854
stopWordFilter,873,395432289
svm-bolt,108,67303421
svm-bolt,108,66016306
svm-bolt,108,79532893
svm-bolt,108,78311901
tokenizer-bolt,108,109883730
tokenizer-bolt,108,110795321
tokenizer-bolt,108,122297519
tokenizer-bolt,108,122024607
wordGenerator,48,90847779
wordGenerator,48,90020371
wordGenerator,48,122338381
wordGenerator,47,123364981
tweet-reader,310,174470369
tweet-reader,311,168739348
tweet-reader,310,218082579
tweet-reader,314,208266009
__acker,2245,561401665
__acker,2509,467789056
__acker,2420,465995477
__acker,2330,523844391
__metricsmidlab.storm.scheduler.SchedulerMetricsConsumer,0,0
counter,1015,266058344
counter,711,214689530
counter,765,255697336
counter,857,297510694
feature-generation-bolt,108,110310081
feature-generation-bolt,108,109517255
feature-generation-bolt,108,135596022
feature-generation-bolt,108,132335537
pos-tagger-bolt,108,574933592
pos-tagger-bolt,108,585949051
pos-tagger-bolt,108,618488355
pos-tagger-bolt,108,628628594
preprocessor-bolt,79,77238682
preprocessor-bolt,80,77695090
preprocessor-bolt,80,93028520
preprocessor-bolt,80,92382258
stopWordFilter,645,281264227
stopWordFilter,650,279671337
stopWordFilter,598,369793524
stopWordFilter,823,389471797
svm-bolt,84,63972408
svm-bolt,84,62786727
svm-bolt,84,76578177
svm-bolt,86,74773046
tokenizer-bolt,84,104041113
tokenizer-bolt,84,103424200
tokenizer-bolt,84,115482962
tokenizer-bolt,88,114914391
wordGenerator,36,85436836
wordGenerator,36,83928741
wordGenerator,36,114374848
wordGenerator,36,114924931
tweet-reader,282,169250846
tweet-reader,281,166082438
tweet-reader,281,214264646
tweet-reader,283,205143019
__acker,2726,544724195
__acker,2612,460216334
__acker,2481,449636133
__acker,2546,525740731
__metricsmidlab.storm.scheduler.SchedulerMetricsConsumer,0,0
counter,1114,260569917
counter,810,204596380
counter,758,245149306
counter,858,279704189
feature-generation-bolt,121,110673045
feature-generation-bolt,120,113514484
feature-generation-bolt,124,132857585
feature-generation-bolt,120,131349544
pos-tagger-bolt,121,572232093
pos-tagger-bolt,120,593271640
pos-tagger-bolt,122,612555759
pos-tagger-bolt,120,622387567
preprocessor-bolt,120,82482189
preprocessor-bolt,123,81487201
preprocessor-bolt,120,96050952
preprocessor-bolt,122,96459196
stopWordFilter,889,285958874
stopWordFilter,889,285764379
stopWordFilter,907,361632387
stopWordFilter,903,363501261
svm-bolt,120,67870911
svm-bolt,120,65971434
svm-bolt,120,78307747
svm-bolt,120,77713704
tokenizer-bolt,120,112095865
tokenizer-bolt,120,112511319
tokenizer-bolt,120,119966874
tokenizer-bolt,120,122017719
wordGenerator,48,87197998
wordGenerator,48,88785996
wordGenerator,48,113259412
wordGenerator,48,114567614
tweet-reader,334,176365576
tweet-reader,336,175314702
tweet-reader,338,215980276
tweet-reader,338,210725378
__acker,2559,557926625
__acker,2605,470732321
__acker,2595,466290160
__acker,2417,530529006
__metricsmidlab.storm.scheduler.SchedulerMetricsConsumer,0,0
counter,1007,266379862
counter,820,207648522
counter,728,243718057
counter,846,275446525
feature-generation-bolt,120,115023081
feature-generation-bolt,121,116900165
feature-generation-bolt,120,140817929
feature-generation-bolt,124,136469746
pos-tagger-bolt,120,589497717
pos-tagger-bolt,120,615027120
pos-tagger-bolt,120,622373701
pos-tagger-bolt,120,640782562
preprocessor-bolt,120,85384043
preprocessor-bolt,120,85813824
preprocessor-bolt,121,101907986
preprocessor-bolt,121,101858547
stopWordFilter,889,287228413
stopWordFilter,882,292641117
stopWordFilter,891,373350078
stopWordFilter,876,365432961
svm-bolt,120,70147159
svm-bolt,120,70066632
svm-bolt,122,83296059
svm-bolt,120,79914897
tokenizer-bolt,120,117054536
tokenizer-bolt,120,115992099
tokenizer-bolt,123,126953438
tokenizer-bolt,120,126913089
wordGenerator,48,90984745
wordGenerator,48,90873388
wordGenerator,48,116212061
wordGenerator,48,113518267
tweet-reader,340,183966817
tweet-reader,339,187452941
tweet-reader,335,220885261
tweet-reader,340,219183855
__acker,2727,600203392
__acker,2506,509648457
__acker,2571,497127656
__acker,2743,568112929
__metricsmidlab.storm.scheduler.SchedulerMetricsConsumer,0,0
counter,1011,279079170
counter,824,226478374
counter,834,254965192
counter,881,296958723
feature-generation-bolt,120,123926912
feature-generation-bolt,120,127099334
feature-generation-bolt,120,151348672
feature-generation-bolt,122,147937076
pos-tagger-bolt,120,647879100
pos-tagger-bolt,120,657365915
pos-tagger-bolt,120,677750193
pos-tagger-bolt,120,688652315
preprocessor-bolt,120,89651440
preprocessor-bolt,122,91112556
preprocessor-bolt,123,106211187
preprocessor-bolt,120,107651407
stopWordFilter,862,296639744
stopWordFilter,864,307435896
stopWordFilter,882,389604003
stopWordFilter,883,379238645
svm-bolt,121,71472695
svm-bolt,123,73027786
svm-bolt,122,87290834
svm-bolt,120,83629745
tokenizer-bolt,122,120454106
tokenizer-bolt,121,120613383
tokenizer-bolt,121,132749645
tokenizer-bolt,124,131043406
wordGenerator,48,89241226
wordGenerator,48,92403517
wordGenerator,48,124333446
wordGenerator,48,118702594
tweet-reader,342,181768309
tweet-reader,340,187301688
tweet-reader,337,229743321
tweet-reader,345,219407198
__acker,2322,604976510
__acker,1755,486906099
__acker,2530,499385566
__acker,2237,575548683
__metricsmidlab.storm.scheduler.SchedulerMetricsConsumer,0,0
counter,676,256136408
counter,777,216445454
counter,717,261385710
counter,764,293641620
feature-generation-bolt,116,122189844
feature-generation-bolt,112,122340128
feature-generation-bolt,112,147689709
feature-generation-bolt,100,144778068
pos-tagger-bolt,101,616753313
pos-tagger-bolt,112,642390800
pos-tagger-bolt,108,666790224
pos-tagger-bolt,112,686224620
preprocessor-bolt,92,85387167
preprocessor-bolt,96,87653970
preprocessor-bolt,94,103569581
preprocessor-bolt,96,103427908
stopWordFilter,614,286046030
stopWordFilter,613,290036539
stopWordFilter,700,372388136
stopWordFilter,710,368468460
svm-bolt,96,70149063
svm-bolt,100,70788820
svm-bolt,108,84628714
svm-bolt,108,82466265
tokenizer-bolt,136,118850743
tokenizer-bolt,97,116081451
tokenizer-bolt,108,127783412
tokenizer-bolt,108,127962629
wordGenerator,48,85575714
wordGenerator,35,87061121
wordGenerator,38,117307311
wordGenerator,40,115857316
tweet-reader,343,181368344
tweet-reader,349,185940229
tweet-reader,361,225613599
tweet-reader,358,217781770
__acker,2621,583929339
__acker,2752,488589184
__acker,2718,485948243
__acker,2768,574047637
__metricsmidlab.storm.scheduler.SchedulerMetricsConsumer,0,0
counter,1167,264398229
counter,862,205619301
counter,747,251696157
counter,923,280814342
feature-generation-bolt,132,121880077
feature-generation-bolt,134,122765451
feature-generation-bolt,134,149138014
feature-generation-bolt,134,148792286
pos-tagger-bolt,136,631033932
pos-tagger-bolt,136,646614477
pos-tagger-bolt,136,674442025
pos-tagger-bolt,136,695228708
preprocessor-bolt,135,90080612
preprocessor-bolt,136,91139763
preprocessor-bolt,136,108861274
preprocessor-bolt,135,109241123
stopWordFilter,881,282279923
stopWordFilter,881,287165390
stopWordFilter,920,367288870
stopWordFilter,920,370167310
svm-bolt,135,73149126
svm-bolt,136,73912033
svm-bolt,135,88518195
svm-bolt,133,84769711
tokenizer-bolt,136,122933876
tokenizer-bolt,134,121439601
tokenizer-bolt,136,135766562
tokenizer-bolt,135,135396460
wordGenerator,48,84720859
wordGenerator,48,85376771
wordGenerator,48,117250637
wordGenerator,48,116779403
tweet-reader,370,183775084
tweet-reader,372,189254817
tweet-reader,362,230342979
tweet-reader,365,223381548
__acker,2831,598995637
__acker,2636,489083043
__acker,2619,486784957
__acker,2496,564785170
__metricsmidlab.storm.scheduler.SchedulerMetricsConsumer,0,0
counter,1096,264961987
counter,833,207830064
counter,688,246365661
counter,932,277212373
feature-generation-bolt,135,125963338
feature-generation-bolt,136,126355292
feature-generation-bolt,136,154756010
feature-generation-bolt,136,153425202
pos-tagger-bolt,135,649591295
pos-tagger-bolt,136,672584494
pos-tagger-bolt,136,698956425
pos-tagger-bolt,136,717948251
preprocessor-bolt,132,93107211
preprocessor-bolt,135,93604688
preprocessor-bolt,135,112059153
preprocessor-bolt,133,112521500
stopWordFilter,892,280939950
stopWordFilter,891,283871094
stopWordFilter,894,365874722
stopWordFilter,894,365914376
svm-bolt,136,75343010
svm-bolt,132,74549474
svm-bolt,136,92595122
svm-bolt,132,89419885
tokenizer-bolt,136,127890194
tokenizer-bolt,132,126430831
tokenizer-bolt,135,142437130
tokenizer-bolt,132,140150720
wordGenerator,48,89487202
wordGenerator,48,84835183
wordGenerator,48,117984821
wordGenerator,48,120077259
tweet-reader,371,193979807
tweet-reader,364,198378717
tweet-reader,366,242253199
tweet-reader,364,230613605
__acker,2728,615696190
__acker,2596,517804437
__acker,2603,517692353
__acker,2561,585992830
__metricsmidlab.storm.scheduler.SchedulerMetricsConsumer,0,0
counter,982,274355935
counter,770,223297780
counter,818,259621496
counter,897,296352690
feature-generation-bolt,132,134834746
feature-generation-bolt,136,135270269
feature-generation-bolt,132,162560619
feature-generation-bolt,136,164244621
pos-tagger-bolt,132,701370038
pos-tagger-bolt,136,733085572
pos-tagger-bolt,132,741226601
pos-tagger-bolt,136,774225616
preprocessor-bolt,132,98289103
preprocessor-bolt,135,98610592
preprocessor-bolt,136,117983081
preprocessor-bolt,132,117409376
stopWordFilter,837,301310534
stopWordFilter,837,296642775
stopWordFilter,869,384344488
stopWordFilter,869,382270483
svm-bolt,136,79308897
svm-bolt,132,77194145
svm-bolt,136,95538215
svm-bolt,135,92942750
tokenizer-bolt,134,132987862
tokenizer-bolt,135,132119163
tokenizer-bolt,134,145806370
tokenizer-bolt,136,145344152
wordGenerator,48,89308080
wordGenerator,48,88915839
wordGenerator,48,122968033
wordGenerator,48,125255457
tweet-reader,355,194895256
tweet-reader,356,196508640
tweet-reader,347,240705614
tweet-reader,346,233194368
